County,State,Thousand Dry Tonnes/Yr
Autauga,Alabama,48.143
Baldwin,Alabama,33.875
Barbour,Alabama,60.711
Butler,Alabama,45.321
Calhoun,Alabama,6.5247
Chambers,Alabama,23.026
Cherokee,Alabama,24.012
Chilton,Alabama,32.781
Choctaw,Alabama,110.99
Clarke,Alabama,168.7
Baca,Colorado,0
Bent,Colorado,0
Boulder,Colorado,0
Broomfield,Colorado,0
Chaffee,Colorado,0.045994
San Juan,Colorado,0
San Miguel,Colorado,0
Sutter,California,0
Tehama,California,22.508
Pitkin,Colorado,0
Hartford,Connecticut,8.6447
Litchfield,Connecticut,2.2183
Middlesex,Connecticut,0.31429
New Haven,Connecticut,11.848
New London,Connecticut,9.8972
Tolland,Connecticut,0.68225
Windham,Connecticut,1.2188
Crittenden,Arkansas,0.4735
La Plata,Colorado,0.28363
Larimer,Colorado,0.10732
Summit,Colorado,0.27597
Sarasota,Florida,0.14034
Seminole,Florida,2.0957
Sumter,Florida,9.3934
Suwannee,Florida,28.257
Taylor,Florida,72.96
Union,Florida,17.053
Volusia,Florida,16.648
Wakulla,Florida,5.1313
Walton,Florida,24.898
Washington,Florida,32.822
Lincoln,Colorado,0
Logan,Colorado,0
Mesa,Colorado,2.6523
Washington,Colorado,0
Weld,Colorado,0
Berrien,Georgia,20.367
Bibb,Georgia,5.797
Montgomery,Alabama,13.291
Dixie,Florida,45.699
Duval,Florida,22.986
Escambia,Florida,11.882
Flagler,Florida,17.412
Franklin,Florida,4.3122
Gadsden,Florida,56.781
Gilchrist,Florida,20.519
Glades,Florida,1.3586
Gulf,Florida,24.255
Hamilton,Florida,46.845
Colquitt,Georgia,17.898
Columbia,Georgia,20.348
Cook,Georgia,10.938
Coweta,Georgia,13.922
Alpine,California,0
Amador,California,11.575
Butte,California,46.401
Calaveras,California,16.617
Harris,Georgia,20.169
Hart,Georgia,4.2468
Jerome,Idaho,0
Kootenai,Idaho,41.554
Latah,Idaho,56.166
Lemhi,Idaho,0.41395
Lewis,Idaho,5.8719
Mohave,Arizona,0
Navajo,Arizona,4.7604
Pima,Arizona,0
Pinal,Arizona,0
Colusa,California,0
Contra Costa,California,0
Del Norte,California,1.0349
El Dorado,California,45.363
Henry,Georgia,8.9011
Houston,Georgia,12.536
Irwin,Georgia,11.617
Jackson,Georgia,4.8187
Jasper,Georgia,22.341
Jeff Davis,Georgia,24.676
Jefferson,Georgia,28.481
Washington,Idaho,0.084323
Adams,Illinois,4.2391
Alexander,Illinois,1.7095
Kern,California,0
Kings,California,0
Lake,California,0.74357
Lanier,Georgia,5.2292
Laurens,Georgia,71.308
Lee,Georgia,6.918
Liberty,Georgia,30.724
Lincoln,Georgia,11.835
Long,Georgia,38.96
Lowndes,Georgia,16.493
Lumpkin,Georgia,2.5208
McDuffie,Georgia,14.406
McIntosh,Georgia,21.475
Macon,Georgia,19.647
Madison,Georgia,5.4026
Marion,Georgia,18.179
Meriwether,Georgia,18.598
Menard,Illinois,0.45994
Marin,California,0
Mariposa,California,1.6175
Mitchell,Georgia,13.409
Monroe,Georgia,23.86
Montgomery,Georgia,18.162
Morgan,Georgia,13.252
Murray,Georgia,16.842
Muscogee,Georgia,18.038
Newton,Georgia,6.4474
Oconee,Georgia,3.4125
Oglethorpe,Georgia,18.587
Woodford,Illinois,3.5179
Howard,Arkansas,55.177
Independence,Arkansas,22.884
Izard,Arkansas,8.5372
Pierce,Georgia,38.003
Pike,Georgia,11.546
Rooks,Kansas,0
San Bernardino,California,4.1088
San Diego,California,0
San Francisco,California,0
San Joaquin,California,0
Pulaski,Georgia,18.338
Putnam,Georgia,14.17
Quitman,Georgia,6.221
Rabun,Georgia,2.5781
Santa Cruz,California,4.2775
Shasta,California,134.33
Sierra,California,8.0962
Screven,Georgia,47.624
Seminole,Georgia,4.6295
Spalding,Georgia,5.8254
Stephens,Georgia,4.3234
Stewart,Georgia,31.838
Sonoma,California,4.2851
Stanislaus,California,0
Brown,Illinois,3.6642
Bureau,Illinois,0.30663
Calhoun,Illinois,1.9241
Owsley,Kentucky,8.2341
Pendleton,Kentucky,0.11675
Perry,Kentucky,22.961
Pike,Kentucky,32.485
Powell,Kentucky,8.467
Pulaski,Kentucky,46.721
Robertson,Kentucky,4.7545
Rockcastle,Kentucky,8.5054
Rowan,Kentucky,10.875
Woodruff,Arkansas,4.8324
Yell,Arkansas,40.138
Alameda,California,0
St. James,Louisiana,5.0086
Jackson,Colorado,0.31429
Jefferson,Colorado,0
Kiowa,Colorado,0
Kit Carson,Colorado,0
Lake,Colorado,0
Henry,Illinois,2.361
Ouray,Colorado,0
Park,Colorado,0.13798
Jackson,Illinois,2.0774
Saguache,Colorado,0.15331
Genesee,Michigan,5.8572
Pasco,Florida,3.9248
Pinellas,Florida,0
Polk,Florida,2.5603
Putnam,Florida,32.397
St. Johns,Florida,89.2
St. Lucie,Florida,0
Santa Rosa,Florida,17.201
McHenry,Illinois,3.0126
McLean,Illinois,11.429
Macon,Illinois,0.022997
Macoupin,Illinois,2.4837
Madison,Illinois,0.67458
Clay,Georgia,4.7486
Clayton,Georgia,0.48412
Clinch,Georgia,74.959
Cobb,Georgia,0.56019
Coffee,Georgia,27.052
Mason,Illinois,1.9931
Clearwater,Idaho,73.709
Custer,Idaho,0.34496
Elmore,Idaho,0.068991
Franklin,Idaho,0
Fremont,Idaho,0.45994
Gem,Idaho,0
Gooding,Idaho,0
Idaho,Idaho,32.025
Jefferson,Idaho,0
Ogle,Illinois,4.0929
Peoria,Illinois,0.90455
Perry,Illinois,2.7443
Monroe,Mississippi,39.898
Montgomery,Mississippi,18.713
Wayne,Georgia,37.255
McCreary,Kentucky,14.159
Pike,Illinois,18.97
Pope,Illinois,0.45228
Pulaski,Illinois,1.6328
Bates,Missouri,0.8674
Bonneville,Idaho,0.42161
McLean,Kentucky,10.197
Madison,Kentucky,0.50417
Magoffin,Kentucky,9.9826
Marion,Kentucky,10.286
Randolph,Illinois,2.1004
Richland,Illinois,2.7597
Rock Island,Illinois,1.7861
St. Clair,Illinois,2.292
Franklin,Missouri,3.5186
Gasconade,Missouri,4.4998
Caribou,Idaho,1.3875
Cassia,Idaho,0
Sangamon,Illinois,0.40628
Schuyler,Illinois,6.3312
Platte,Missouri,0.8845
Teton,Idaho,0.0076657048
Twin Falls,Idaho,0
Valley,Idaho,27.231
Shelby,Illinois,3.1429
Owen,Kentucky,1.5432
Christian,Illinois,0.0076657048
Tazewell,Illinois,0.49827
Caddo,Louisiana,45.103
Jefferson Davis,Louisiana,4.3022
Lafayette,Louisiana,0.050122
Lafourche,Louisiana,6.4227
La Salle,Louisiana,50.749
Lincoln,Louisiana,24.854
Washington,Illinois,1.6865
St. Bernard,Louisiana,0
St. Charles,Louisiana,0
St. Helena,Louisiana,47.125
Allen,Indiana,8.5679
Bartholomew,Indiana,2.2614
Anne Arundel,Maryland,2.8056
Baltimore,Maryland,6.4757
Calvert,Maryland,4.3388
Caroline,Maryland,2.5833
Carroll,Maryland,1.8704
Berkshire,Massachusetts,3.5952
Bristol,Massachusetts,0.23764
Dukes,Massachusetts,10.777
Essex,Massachusetts,1.4465
Franklin,Massachusetts,13.714
Hampden,Massachusetts,16.724
Norfolk,Massachusetts,0.099654
Fulton,Illinois,4.8324
Alger,Michigan,26.494
Clark,Indiana,7.0524
Lake,Illinois,4.6973
La Salle,Illinois,0.05366
Crawford,Indiana,11.133
Daviess,Indiana,4.4231
Dearborn,Indiana,2.7957
Eaton,Michigan,0.95821
Emmet,Michigan,6.1562
Williamson,Illinois,0.87389
Winnebago,Illinois,0.45994
Dubois,Indiana,9.0455
Floyd,Indiana,2.729
Fountain,Indiana,1.5485
Valley,Montana,0
Wheatland,Montana,0.41395
Wibaux,Montana,0
Yellowstone,Montana,8.1846
Adams,Nebraska,0.23764
Fulton,Indiana,0.7819
Gibson,Indiana,2.683
Plymouth,Iowa,0.20697
Crawford,Kansas,4.5588
Hamilton,Indiana,0.43695
Hancock,Indiana,0.36795
Harrison,Indiana,11.039
Hendricks,Indiana,0.36029
Barren,Kentucky,21.34
Bath,Kentucky,2.1175
Nicholas,Kentucky,0
Beauregard,Louisiana,84.898
Bienville,Louisiana,73.639
Bossier,Louisiana,64.94
Jackson,Indiana,18.415
Cheboygan,Michigan,9.1812
Marquette,Michigan,73.428
Mason,Michigan,5.208
Jefferson,Indiana,4.998
Jennings,Indiana,9.075
Johnson,Indiana,1.3798
Knox,Indiana,2.3764
Montcalm,Michigan,1.6788
Becker,Minnesota,13.12
Beltrami,Minnesota,62.424
Lake,Indiana,0.29896
LaPorte,Indiana,7.6538
Lake of the Woods,Minnesota,25.794
Le Sueur,Minnesota,0.33729
Madison,Indiana,0.37562
Marion,Indiana,0.42928
Kearney,Nebraska,0.22997
Hunterdon,New Jersey,0.44461
Mercer,New Jersey,0.42928
Middlesex,New Jersey,4.2014
Monmouth,New Jersey,8.7943
Morris,New Jersey,0.45228
Ocean,New Jersey,0.44461
Passaic,New Jersey,0
Salem,New Jersey,0
Rockland,New York,0.13032
St. Lawrence,New York,22.291
Saratoga,New York,52.994
Schenectady,New York,1.0962
Schoharie,New York,2.8056
Schuyler,New York,2.2154
Seneca,New York,0.59792
Monroe,Indiana,21.44
Alexander,North Carolina,12.338
Alleghany,North Carolina,12.897
Anson,North Carolina,58.506
Ashe,North Carolina,22.762
Morgan,Indiana,9.8416
Avery,North Carolina,2.647
Bladen,North Carolina,54.503
Ohio,Indiana,0.37562
Haywood,North Carolina,23.697
Henderson,North Carolina,12.713
Owen,Indiana,11.658
Parke,Indiana,10.632
Perry,Indiana,9.075
Pike,Indiana,4.1778
Porter,Indiana,1.2572
Posey,Indiana,1.6558
Martin,North Carolina,78.356
Mecklenburg,North Carolina,7.1167
Mitchell,North Carolina,8.4559
Montgomery,North Carolina,54.479
Moore,North Carolina,63.95
Putnam,Indiana,9.0514
Orange,North Carolina,15.001
Rush,Indiana,0.49827
St. Joseph,Indiana,5.8071
Scott,Indiana,3.1659
Union,North Carolina,14.065
Spencer,Indiana,3.9325
Starke,Indiana,0.85856
Baker,Oregon,7.99
Sullivan,Indiana,3.6719
Switzerland,Indiana,0.5136
Tippecanoe,Indiana,0.52127
Benton,Oregon,50.34
Clackamas,Oregon,58.106
Clatsop,Oregon,222.07
Union,Oregon,32.196
Wallowa,Oregon,27.95
Wasco,Oregon,21.57
Washington,Oregon,69.227
Vanderburgh,Indiana,1.1115
Vermillion,Indiana,1.1882
Vigo,Indiana,3.7485
Florence,South Carolina,105.67
Georgetown,South Carolina,81.997
Greenville,South Carolina,26.281
Greenwood,South Carolina,42.877
Warren,Indiana,1.0809
Warrick,Indiana,4.5688
Washington,Indiana,21.635
Kershaw,South Carolina,73.774
Wells,Indiana,16.989
White,Indiana,0.85856
Saluda,South Carolina,42.363
Spartanburg,South Carolina,39.277
Sumter,South Carolina,73.796
Crockett,Tennessee,0
Cumberland,Tennessee,29.583
Davidson,Tennessee,0.5419
Greene,Tennessee,4.5134
Grundy,Tennessee,32.191
Hamblen,Tennessee,1.1764
Smith,Mississippi,23.258
Kane,Utah,0.0076657048
Millard,Utah,0
Morgan,Utah,0.068991
Piute,Utah,0
Benton,Iowa,1.9689
Buchanan,Virginia,7.0813
Buckingham,Virginia,122.22
Campbell,Virginia,88.693
Caroline,Virginia,32.342
Carroll,Virginia,27.846
Gloucester,Virginia,13.83
Goochland,Virginia,2.9831
Grayson,Virginia,12.708
Greene,Virginia,1.8734
Barton,Missouri,5.32
Buchanan,Iowa,0.022997
Highland,Virginia,39.2
Isle of Wight,Virginia,23.29
Mecklenburg,Virginia,59.434
Middlesex,Virginia,4.4373
Montgomery,Virginia,13.956
Nelson,Virginia,38.342
Russell,Virginia,7.6817
Scott,Virginia,16.778
Shenandoah,Virginia,14.26
Smyth,Virginia,12.159
Southampton,Virginia,82.651
Carroll,Iowa,0
Dunklin,Missouri,0.47527
Johnson,Missouri,1.5249
Phelps,Missouri,12.324
Pike,Missouri,4.0322
Carter,Montana,0
Cascade,Montana,0.19931
Glacier,Montana,0
Golden Valley,Montana,0.97354
Petroleum,Montana,0.084323
Phillips,Montana,0
Pondera,Montana,0
Douglas,Nebraska,0.66692
Clayton,Iowa,9.3404
Clinton,Iowa,0.83556
Crawford,Iowa,0
Dallas,Iowa,0
Saunders,Nebraska,2.0467
Clark,Nevada,0
Mineral,Nevada,0
Nye,Nevada,0
Des Moines,Iowa,1.6098
Fulton,New York,5.8666
Genesee,New York,0.92755
Dubuque,Iowa,4.1318
Duplin,North Carolina,38.877
Durham,North Carolina,10.249
Edgecombe,North Carolina,35.969
Fayette,Iowa,0.83556
Carroll,Ohio,3.5722
Pike,Ohio,12.041
Fremont,Iowa,0.030663
Roger Mills,Oklahoma,0
Jackson,Oregon,45.729
Jefferson,Oregon,6.8343
Josephine,Oregon,10.738
Perry,Pennsylvania,17.637
Philadelphia,Pennsylvania,0.13032
Venango,Pennsylvania,21.063
Westmoreland,Pennsylvania,11.799
Harrison,Iowa,1.3669
Chouteau,Montana,0
Custer,Montana,0
Anderson,South Carolina,21.101
Bamberg,South Carolina,49.104
Barnwell,South Carolina,38.271
Howard,Iowa,0.2453
Granite,Montana,1.6941
Hill,Montana,0.42161
Jefferson,Montana,1.7248
Judith Basin,Montana,0.05366
Lake,Montana,13.745
Lewis and Clark,Montana,14.671
Clay,South Dakota,0.030663
Iowa,Iowa,4.2881
Jackson,Iowa,2.3994
Antelope,Nebraska,0.20697
Mellette,South Dakota,0
Bledsoe,Tennessee,21.23
Blount,Tennessee,4.1395
Bradley,Tennessee,10.698
Campbell,Tennessee,22.851
Johnson,Iowa,0.13798
McMinn,Tennessee,23.703
McNairy,Tennessee,42.289
Scott,Tennessee,23.11
Sequatchie,Tennessee,12.416
Sevier,Tennessee,2.068
Shelby,Tennessee,11.759
Smith,Tennessee,8.0685
Kossuth,Iowa,0.068991
Lee,Iowa,3.3116
Linn,Iowa,13.203
Williamson,Tennessee,3.3192
Wilson,Tennessee,2.3923
Jasper,Texas,83.071
Lyon,Iowa,0
Grand Isle,Vermont,0.015331
Lamoille,Vermont,8.0726
Mahaska,Iowa,0.81256
Burnett,Wisconsin,16.139
Calumet,Wisconsin,0.22997
Dodge,Wisconsin,1.5025
Klickitat,Washington,42.952
Lewis,Washington,178.67
Lincoln,Washington,0.21464
Mason,Washington,53.3
Okanogan,Washington,15.868
Pacific,Washington,101.89
Dorado,Puerto Rico,0
Fajardo,Puerto Rico,0
Monona,Iowa,13.657
Monroe,Iowa,1.2802
Mineral,West Virginia,6.2977
Mingo,West Virginia,6.1562
Monongalia,West Virginia,21.075
Muscatine,Iowa,0.43695
Monroe,West Virginia,11.145
Morgan,West Virginia,4.5764
Nicholas,West Virginia,22.514
Tucker,West Virginia,26.73
Tyler,West Virginia,2.8593
Upshur,West Virginia,23.192
Bayfield,Wisconsin,37.196
Toa Alta,Puerto Rico,0
Toa Baja,Puerto Rico,0
Trujillo Alto,Puerto Rico,0
Utuado,Puerto Rico,0
Polk,Iowa,0
Pottawattamie,Iowa,38.427
Yauco,Puerto Rico,0
Natrona,Wyoming,0.015331
Niobrara,Wyoming,0
Park,Wyoming,1.9241
Sac,Iowa,0
Scott,Iowa,0.12265
Platte,Wyoming,0
Sioux,Iowa,0
Naranjito,Puerto Rico,0
Orocovis,Puerto Rico,0
Patillas,Puerto Rico,0
Penuelas,Puerto Rico,0
Ponce,Puerto Rico,0
Quebradillas,Puerto Rico,0
Tama,Iowa,1.1192
Wapello,Iowa,5.0558
Warren,Iowa,0.52775
Washington,Iowa,3.8871
Woodbury,Iowa,0.50594
Atchison,Kansas,0.13798
Barton,Kansas,0
Bourbon,Kansas,0.36795
Clay,Kansas,2.7184
Cloud,Kansas,0
Coffey,Kansas,0.0076657048
Ellis,Kansas,0
Ellsworth,Kansas,0
Finney,Kansas,0
Franklin,Kansas,0.045994
Geary,Kansas,0
Graham,Kansas,0
Greenwood,Kansas,0.0076657048
Hamilton,Kansas,0
Harvey,Kansas,0.0076657048
Jackson,Kansas,2.6441
Jefferson,Kansas,0.022997
Jewell,Kansas,0.0076657048
Johnson,Kansas,0.068991
Labette,Kansas,0.73945
Leavenworth,Kansas,1.6204
Lyon,Kansas,0.061326
Marion,Kansas,0
Marshall,Kansas,1.2554
Miami,Kansas,0.030663
Mitchell,Kansas,0
Montgomery,Kansas,0.69758
Nemaha,Kansas,0
Neosho,Kansas,2.203
Ness,Kansas,0
Osage,Kansas,0.038329
Reno,Kansas,0.0076657048
Republic,Kansas,0
Russell,Kansas,0
Saline,Kansas,0
Sedgwick,Kansas,0.0076657048
Shawnee,Kansas,0.13798
Stanton,Kansas,0
Sumner,Kansas,0
Trego,Kansas,0
Wabaunsee,Kansas,0.061326
Wallace,Kansas,0
Washington,Kansas,6.8719
Wilson,Kansas,0.43695
Wyandotte,Kansas,0
Campbell,Kentucky,0.31607
Carlisle,Kentucky,25.698
Carroll,Kentucky,1.2749
Carter,Kentucky,26.1
Casey,Kentucky,56.113
Christian,Kentucky,27.575
Clark,Kentucky,0
Clay,Kentucky,5.8879
Elliott,Kentucky,7.2105
Estill,Kentucky,16.824
Fayette,Kentucky,0.5425
Fleming,Kentucky,6.9528
Floyd,Kentucky,13.188
Lyon,Kentucky,8.5856
Martin,Kentucky,12.59
Meade,Kentucky,9.5321
Menifee,Kentucky,8.5914
Mercer,Kentucky,0.27243
Scott,Kentucky,0
Shelby,Kentucky,1.5331
Spencer,Kentucky,2.5414
Taylor,Kentucky,15.209
Gogebic,Michigan,23.145
Grand Traverse,Michigan,6.5689
Houghton,Michigan,33.476
Huron,Michigan,0.36029
Ingham,Michigan,1.2112
Iosco,Michigan,14.292
Iron,Michigan,38.912
Isabella,Michigan,2.9436
Jackson,Michigan,2.0314
Kalkaska,Michigan,12.124
Kent,Michigan,3.6578
Keweenaw,Michigan,15.455
Muskegon,Michigan,4.6218
Newaygo,Michigan,13.385
Oakland,Michigan,14.854
Oceana,Michigan,8.3969
Ogemaw,Michigan,4.2391
Ontonagon,Michigan,27.703
Otsego,Michigan,18.022
Ottawa,Michigan,3.0203
Presque Isle,Michigan,5.4987
Roscommon,Michigan,5.7286
Saginaw,Michigan,1.0349
St. Clair,Michigan,2.9619
Sanilac,Michigan,0.59026
Carver,Minnesota,0.32963
Cass,Minnesota,63.979
Chippewa,Minnesota,0.045994
Chisago,Minnesota,1.1805
Crow Wing,Minnesota,22.384
Dakota,Minnesota,0.16098
Fillmore,Minnesota,5.5447
Goodhue,Minnesota,11.347
Hennepin,Minnesota,0.67576
Marshall,Minnesota,0.72058
Meeker,Minnesota,0.076657
Mille Lacs,Minnesota,4.3848
Morrison,Minnesota,3.3027
Nicollet,Minnesota,0.52893
Norman,Minnesota,0.25297
Olmsted,Minnesota,1.8398
Pine,Minnesota,37.582
Polk,Minnesota,7.2653
Ramsey,Minnesota,0.10732
Redwood,Minnesota,0.099654
Renville,Minnesota,0.084323
Rice,Minnesota,0.23764
Roseau,Minnesota,7.3001
St. Louis,Minnesota,156.91
Scott,Minnesota,0.62859
Sherburne,Minnesota,0.17631
Sibley,Minnesota,0.068991
Stearns,Minnesota,0.50594
Keith,Nebraska,0
Keya Paha,Nebraska,0.13032
Washington,Minnesota,5.9015
Scotts Bluff,Nebraska,0
Seward,Nebraska,0.022997
Sheridan,Nebraska,0
Amite,Mississippi,63.703
Attala,Mississippi,28.01
Somerset,New Jersey,0.52893
Sussex,New Jersey,0.015331
Union,New Jersey,0
Bolivar,Mississippi,18.852
McKinley,New Mexico,0
Mora,New Mexico,0.099654
Brunswick,North Carolina,57.056
Buncombe,North Carolina,15.302
Burke,North Carolina,26.168
Cabarrus,North Carolina,8.0142
Caldwell,North Carolina,15.817
Camden,North Carolina,18.173
Carteret,North Carolina,14.438
Jefferson,Mississippi,25.214
Jefferson Davis,Mississippi,16.192
Pamlico,North Carolina,30.929
Pasquotank,North Carolina,11.56
Lafayette,Mississippi,15.214
Holmes,Ohio,18.84
Huron,Ohio,0.65925
Portage,Ohio,5.856
Haskell,Oklahoma,0.75183
Hughes,Oklahoma,0.39626
Jackson,Oklahoma,0
Jefferson,Oklahoma,0
Lee,Mississippi,4.8736
Leflore,Mississippi,4.5871
Kingfisher,Oklahoma,0
Kiowa,Oklahoma,0
Wheeler,Oregon,2.499
Yamhill,Oregon,40.699
Adams,Pennsylvania,25.981
Allegheny,Pennsylvania,2.7443
Armstrong,Pennsylvania,12.619
Beaver,Pennsylvania,0.55193
Bedford,Pennsylvania,23.31
Berks,Pennsylvania,7.8013
Blair,Pennsylvania,6.7281
Bradford,Pennsylvania,20.175
Bucks,Pennsylvania,0.81256
Pike,Pennsylvania,4.4538
Union,South Carolina,56.067
Williamsburg,South Carolina,62.155
York,South Carolina,33.695
Custer,South Dakota,9.7119
Sunflower,Mississippi,0.57433
Tallahatchie,Mississippi,4.5977
Tate,Mississippi,6.1237
Hamilton,Tennessee,13.415
Hancock,Tennessee,3.9649
Hardeman,Tennessee,33.958
Hardin,Tennessee,53.235
Hawkins,Tennessee,9.7649
Haywood,Tennessee,3.0598
Henderson,Tennessee,19.271
Henry,Tennessee,14.29
Hickman,Tennessee,32.021
Tishomingo,Mississippi,31.587
Tunica,Mississippi,1.2242
Anderson,Texas,38.88
Jeff Davis,Texas,0
Jefferson,Texas,0.8621
Warren,Mississippi,29.944
Washington,Mississippi,10.573
Val Verde,Texas,0
Van Zandt,Texas,0.98239
Victoria,Texas,0
Walker,Texas,12.731
Waller,Texas,0.13858
Rich,Utah,0
Salt Lake,Utah,0.015331
San Juan,Utah,1.3492
Sanpete,Utah,0.084323
Sevier,Utah,0.46761
Summit,Utah,0.91988
Tooele,Utah,0
Uintah,Utah,0.2453
Utah,Utah,0.31429
Wasatch,Utah,1.2495
Washington,Utah,0.42928
Wayne,Utah,0
Weber,Utah,0
Chariton,Missouri,2.7213
Christian,Missouri,4.9674
Clark,Missouri,5.1054
Clay,Missouri,0.084323
Clinton,Missouri,0.10732
Cole,Missouri,4.0044
Greene,Missouri,3.3281
Bristol,Virginia,0
Henry,Missouri,15.097
Holt,Missouri,2.8021
Howell,Missouri,21.24
Laclede,Missouri,1.7861
Lafayette,Missouri,0.38329
Lawrence,Missouri,3.9785
Lincoln,Missouri,3.2809
Linn,Missouri,0.70524
Livingston,Missouri,1.4182
Maries,Missouri,3.6719
Marion,Missouri,0.68225
Miller,Missouri,7.0466
Mississippi,Missouri,0.015331
Montgomery,Missouri,2.6293
Morgan,Missouri,10.168
New Madrid,Missouri,0.57493
Putnam,Missouri,4.6154
Ralls,Missouri,2.844
Ray,Missouri,0.5136
St. Charles,Missouri,0.77424
St. Clair,Missouri,1.0502
Ste. Genevieve,Missouri,3.7945
Taney,Missouri,6.0217
Texas,Missouri,26.818
Vernon,Missouri,8.4037
Warren,Missouri,11.916
Washington,Missouri,16.87
Webster,Missouri,4.3977
Boone,Nebraska,0.084323
Box Butte,Nebraska,0
Boyd,Nebraska,0
Brown,Nebraska,0.045994
Buffalo,Nebraska,0.2453
Burt,Nebraska,0.022997
Butler,Nebraska,0.015331
Cass,Nebraska,0
Cedar,Nebraska,0.49061
Chase,Nebraska,0
Cherry,Nebraska,0.038329
Cheyenne,Nebraska,0
Clay,Nebraska,0
Colfax,Nebraska,0.28363
Cuming,Nebraska,0.061326
Dawes,Nebraska,0.0076657048
Dawson,Nebraska,0
Fillmore,Nebraska,0
Franklin,Nebraska,0.23764
Frontier,Nebraska,0
Furnas,Nebraska,0
Gage,Nebraska,0.045994
Garden,Nebraska,0
Gosper,Nebraska,0
Hamilton,Nebraska,0
Harlan,Nebraska,0
Holt,Nebraska,3.3434
Knox,Nebraska,0.084323
Lancaster,Nebraska,0.33729
Lincoln,Nebraska,0.022997
Madison,Nebraska,0.30663
Merrick,Nebraska,0.13798
Morrill,Nebraska,0
Nance,Nebraska,0.091988
Nemaha,Nebraska,0.022997
Nuckolls,Nebraska,0
Otoe,Nebraska,0.015331
Pawnee,Nebraska,0.0076657048
Perkins,Nebraska,0
Phelps,Nebraska,0
Pierce,Nebraska,0.2453
Platte,Nebraska,0.14565
Polk,Nebraska,0.13798
Sioux,Nebraska,0
Stanton,Nebraska,0.10732
Thayer,Nebraska,0
Thurston,Nebraska,0.015331
Hampton,Virginia,0
Washington,Nebraska,0.0076657048
Wayne,Nebraska,0.42928
Webster,Nebraska,0.23764
Pitt,North Carolina,51.631
Polk,North Carolina,28.736
Randolph,North Carolina,61.54
Richmond,North Carolina,33.208
Robeson,North Carolina,42.097
Rowan,North Carolina,33.675
Rutherford,North Carolina,71.091
Sampson,North Carolina,41.594
Scotland,North Carolina,12.442
Burleigh,North Dakota,0.015331
Cass,North Dakota,0
Dunn,North Dakota,0
Emmons,North Dakota,0
Grand Forks,North Dakota,0
Grant,North Dakota,0
Kidder,North Dakota,0
LaMoure,North Dakota,0
McKenzie,North Dakota,0
McLean,North Dakota,0
Oliver,North Dakota,0
Pembina,North Dakota,5.0502
Ramsey,North Dakota,0
Richland,North Dakota,0.099654
Sioux,North Dakota,0
Stark,North Dakota,0
Stutsman,North Dakota,0
Traill,North Dakota,0.22997
Walsh,North Dakota,0
Ward,North Dakota,0
Williams,North Dakota,0
Adams,Ohio,5.0364
Allen,Ohio,1.0272
Ashland,Ohio,4.1366
Ashtabula,Ohio,5.882
Columbiana,Ohio,0.73591
Coshocton,Ohio,22.071
Crawford,Ohio,0.68991
Cuyahoga,Ohio,15.41
Defiance,Ohio,0.40628
Franklin,Ohio,0.022997
Gallia,Ohio,10.761
Geauga,Ohio,7.6126
Greene,Ohio,4.1395
Guernsey,Ohio,12.389
Hamilton,Ohio,0.099654
Hancock,Ohio,0.2683
Hardin,Ohio,0.091988
Harrison,Ohio,7.6237
Highland,Ohio,2.6788
Jefferson,Ohio,11.171
Knox,Ohio,1.4772
Lake,Ohio,2.1157
Lawrence,Ohio,2.4454
Licking,Ohio,4.4786
Lorain,Ohio,0.19164
Lucas,Ohio,0.27597
Madison,Ohio,0.038329
Mahoning,Ohio,3.2196
Medina,Ohio,6.4333
Meigs,Ohio,8.0667
Monroe,Ohio,0.91222
Montgomery,Ohio,0
Morgan,Ohio,4.8141
Muskingum,Ohio,6.9935
Noble,Ohio,10.189
Ottawa,Ohio,0.030663
Putnam,Ohio,0
Richland,Ohio,2.4047
Ross,Ohio,42.94
Sandusky,Ohio,1.7401
Scioto,Ohio,26.8
Stark,Ohio,5.9391
Summit,Ohio,6.4339
Trumbull,Ohio,10.172
Tuscarawas,Ohio,22.054
Warren,Ohio,5.8961
Washington,Ohio,12.731
Wayne,Ohio,8.1728
Wood,Ohio,0.30663
Wyandot,Ohio,0.068991
Atoka,Oklahoma,7.2382
Beaver,Oklahoma,0
Blaine,Oklahoma,0
Bryan,Oklahoma,5.3017
Caddo,Oklahoma,0
Cleveland,Oklahoma,0
Comanche,Oklahoma,0
Cotton,Oklahoma,0
Creek,Oklahoma,0
Ellis,Oklahoma,0
Garfield,Oklahoma,0.013562
Garvin,Oklahoma,0
Grady,Oklahoma,0
Greer,Oklahoma,0
Le Flore,Oklahoma,21.588
Lincoln,Oklahoma,0
Marshall,Oklahoma,0
Murray,Oklahoma,0
Muskogee,Oklahoma,0
Noble,Oklahoma,0
Okfuskee,Oklahoma,0
Oklahoma,Oklahoma,0
Okmulgee,Oklahoma,0
Osage,Oklahoma,0
Carbon,Pennsylvania,1.5025
Centre,Pennsylvania,19.901
Chester,Pennsylvania,6.2564
Clarion,Pennsylvania,13.922
Clearfield,Pennsylvania,45.011
Clinton,Pennsylvania,13.132
Columbia,Pennsylvania,13.238
Crawford,Pennsylvania,12.831
Cumberland,Pennsylvania,5.422
Dauphin,Pennsylvania,7.0466
Delaware,Pennsylvania,2.6064
Elk,Pennsylvania,30.256
Erie,Pennsylvania,4.2161
Lehigh,Pennsylvania,4.5611
Luzerne,Pennsylvania,13.055
Lycoming,Pennsylvania,26.547
Schuylkill,Pennsylvania,17.153
Snyder,Pennsylvania,10.101
Somerset,Pennsylvania,26.27
Beadle,South Dakota,0
Bennett,South Dakota,0
Bon Homme,South Dakota,0
Brookings,South Dakota,0.0076657048
Brown,South Dakota,0
Brule,South Dakota,0
Butte,South Dakota,0.32196
Charles Mix,South Dakota,0
Day,South Dakota,0
Deuel,South Dakota,0
Dewey,South Dakota,0
Edmunds,South Dakota,0
Fall River,South Dakota,0.05366
Grant,South Dakota,0
Gregory,South Dakota,0.0076657048
Hand,South Dakota,0
Hanson,South Dakota,0
Harding,South Dakota,0
Hughes,South Dakota,0
Jackson,South Dakota,0
Jones,South Dakota,0
Kingsbury,South Dakota,0
Lawrence,South Dakota,32.113
Lincoln,South Dakota,0.05366
Lyman,South Dakota,0
McCook,South Dakota,0
McPherson,South Dakota,0
Minnehaha,South Dakota,0.022997
Pennington,South Dakota,39.172
Perkins,South Dakota,0
Potter,South Dakota,0
Humphreys,Tennessee,25.423
Jackson,Tennessee,12.749
Jefferson,Tennessee,1.7455
Johnson,Tennessee,4.7021
Knox,Tennessee,3.4614
Sullivan,Tennessee,3.2868
Sumner,Tennessee,9.7
Tipton,Tennessee,3.0521
Angelina,Texas,54.12
Aransas,Texas,0
Atascosa,Texas,0
Austin,Texas,0
Bandera,Texas,0
Bastrop,Texas,0
Bee,Texas,0
Bell,Texas,0
Bexar,Texas,0
Bosque,Texas,0
Bowie,Texas,24.171
Brazoria,Texas,0
Brazos,Texas,0
Brewster,Texas,0
Brown,Texas,0
Burleson,Texas,0
Burnet,Texas,0
Caldwell,Texas,0
Calhoun,Texas,0
Cameron,Texas,0
Camp,Texas,1.473
Cass,Texas,74.055
Chambers,Texas,8.0377
Cherokee,Texas,115.93
Clay,Texas,0
Coleman,Texas,0
Collin,Texas,0
Colorado,Texas,0
Comal,Texas,0
Concho,Texas,0
Cooke,Texas,0
Crane,Texas,0
Crockett,Texas,0
Culberson,Texas,0
Dallas,Texas,0
Delta,Texas,0
Denton,Texas,0
DeWitt,Texas,0
Duval,Texas,0
Edwards,Texas,0
Ellis,Texas,0
El Paso,Texas,0
Erath,Texas,0
Fannin,Texas,0
Foard,Texas,0
Fort Bend,Texas,0
Franklin,Texas,3.0279
Freestone,Texas,0
Galveston,Texas,0
Goliad,Texas,0
Gonzales,Texas,0
Grayson,Texas,0
Gregg,Texas,19.307
Hardeman,Texas,0
Hardin,Texas,53.408
Harris,Texas,5.9598
Harrison,Texas,33.187
Hays,Texas,0
Henderson,Texas,8.0342
Hidalgo,Texas,0
Hill,Texas,0
Hopkins,Texas,0
Houston,Texas,25.745
Hudspeth,Texas,0
Hunt,Texas,0
Jim Wells,Texas,0
Johnson,Texas,0
Karnes,Texas,0
Kaufman,Texas,0
Kendall,Texas,0
Kenedy,Texas,0
Kinney,Texas,0
Kleberg,Texas,0
Knox,Texas,0
Lamar,Texas,0
Lampasas,Texas,0
Lavaca,Texas,0
Lee,Texas,0
Leon,Texas,3.8541
Liberty,Texas,55.619
Live Oak,Texas,0
Llano,Texas,0
Loving,Texas,0
McCulloch,Texas,0
McLennan,Texas,0
Madison,Texas,0.0076657048
Marion,Texas,32.88
Matagorda,Texas,0
Maverick,Texas,0
Medina,Texas,0
Milam,Texas,0
Mills,Texas,0
Montague,Texas,0
Montgomery,Texas,11.835
Morris,Texas,11.347
Nacogdoches,Texas,50.442
Navarro,Texas,0
Newton,Texas,65.221
Nueces,Texas,0
Orange,Texas,2.8386
Palo Pinto,Texas,0
Panola,Texas,63.631
Parker,Texas,0
Pecos,Texas,0
Polk,Texas,56.451
Presidio,Texas,0
Real,Texas,0
Red River,Texas,31.837
Reeves,Texas,0
Refugio,Texas,0
Robertson,Texas,0
Rusk,Texas,54.756
Sabine,Texas,32.675
San Augustine,Texas,69.281
San Jacinto,Texas,23.462
San Patricio,Texas,0
San Saba,Texas,0
Shelby,Texas,36.967
Smith,Texas,28.236
Starr,Texas,0
Tarrant,Texas,0
Terrell,Texas,0
Titus,Texas,6.5948
Tom Green,Texas,0
Travis,Texas,0
Trinity,Texas,25.28
Tyler,Texas,83.439
Upshur,Texas,19.419
Wichita,Texas,0
Wilbarger,Texas,0
Willacy,Texas,0
Williamson,Texas,0
Wilson,Texas,0
Wise,Texas,0
Wood,Texas,10.251
Zapata,Texas,0
Fredericksburg,Virginia,0
Hopewell,Virginia,0
Lynchburg,Virginia,0
Suffolk,Virginia,29.978
Virginia Beach,Virginia,1.1534
Newport News,Virginia,0
Norfolk,Virginia,0
Pend Oreille,Washington,29.537
Pierce,Washington,74.77
San Juan,Washington,0.29896
Skagit,Washington,59.792
Skamania,Washington,29.879
Snohomish,Washington,63.684
Spokane,Washington,8.503
Stevens,Washington,60.854
Thurston,Washington,54.733
Wayne,West Virginia,12.896
Webster,West Virginia,31.447
Wetzel,West Virginia,11.08
Wirt,West Virginia,7.9428
Wood,West Virginia,10.944
Wyoming,West Virginia,16.523
Adams,Wisconsin,9.8534
Ashland,Wisconsin,27.089
Richmond City,Virginia,0
Roanoke City,Virginia,0
Salem,Virginia,0
Door,Wisconsin,0.96588
Douglas,Wisconsin,38.016
Dunn,Wisconsin,11.504
Williamsburg,Virginia,0
Sheridan,Wyoming,0.038329
Sublette,Wyoming,0.045994
Sweetwater,Wyoming,0
Teton,Wyoming,0
Walla Walla,Washington,0.022997
Whatcom,Washington,34.03
Whitman,Washington,0.091988
Iowa,Wisconsin,5.659
Iron,Wisconsin,25.167
Jackson,Wisconsin,19.553
Jefferson,Wisconsin,0.36795
Juneau,Wisconsin,11.693
Kenosha,Wisconsin,0.038329
Kewaunee,Wisconsin,1.8014
Manitowoc,Wisconsin,3.2656
Marathon,Wisconsin,26.953
Marinette,Wisconsin,50.358
Milwaukee,Wisconsin,0.0076657048
Monroe,Wisconsin,7.365
Oconto,Wisconsin,25.456
Oneida,Wisconsin,28.623
Outagamie,Wisconsin,3.1506
Ozaukee,Wisconsin,0.14565
Pierce,Wisconsin,3.2733
Polk,Wisconsin,9.016
Racine,Wisconsin,0.22997
Richland,Wisconsin,3.8558
Rock,Wisconsin,0.55193
St. Croix,Wisconsin,4.1088
Sauk,Wisconsin,6.5041
Shawano,Wisconsin,18.115
Sheboygan,Wisconsin,0.88156
Trempealeau,Wisconsin,4.7834
Vernon,Wisconsin,5.642
Vilas,Wisconsin,35.816
Walworth,Wisconsin,0.67458
Washington,Wisconsin,1.5638
Lamar,Alabama,27.395
Coffee,Alabama,27.95
Colbert,Alabama,16.737
Conecuh,Alabama,62.518
Coosa,Alabama,35.054
Covington,Alabama,46.786
Crenshaw,Alabama,50.857
Cullman,Alabama,17.19
Lauderdale,Alabama,15.774
Lawrence,Alabama,7.7359
Lee,Alabama,30.758
Limestone,Alabama,6.688
Lowndes,Alabama,27.36
Macon,Alabama,29.014
Madison,Alabama,11.033
Bibb,Alabama,37.305
Blount,Alabama,24.548
Bullock,Alabama,31.585
Clay,Alabama,30.184
Cleburne,Alabama,20.337
Dale,Alabama,15.414
Dallas,Alabama,49.529
DeKalb,Alabama,23.769
Elmore,Alabama,18.96
Escambia,Alabama,36.413
Etowah,Alabama,12.743
Fayette,Alabama,27.831
Morgan,Alabama,8.957
Perry,Alabama,42.671
Pickens,Alabama,45.079
Pike,Alabama,29.915
Trinity,California,45.375
Tulare,California,3.3039
Tuolumne,California,20.414
Ventura,California,0
Yolo,California,0
Yuba,California,3.5339
Adams,Colorado,0
Alamosa,Colorado,0
Arapahoe,Colorado,0
Franklin,Alabama,19.294
Geneva,Alabama,19.653
Greene,Alabama,44.021
Hale,Alabama,49.143
Henry,Alabama,26.811
Houston,Alabama,13.635
Jackson,Alabama,50.901
Jefferson,Alabama,19.843
Craighead,Arkansas,0.4676
Crawford,Arkansas,4.2155
Marengo,Alabama,71.885
Jackson,Arkansas,1.2401
Jefferson,Arkansas,27.007
Johnson,Arkansas,17.313
Lafayette,Arkansas,24.597
Lawrence,Arkansas,6.0919
Lee,Arkansas,2.5557
Lincoln,Arkansas,35.989
Little River,Arkansas,39.701
Logan,Arkansas,18.887
Lonoke,Arkansas,7.6144
Madison,Arkansas,18.09
Marion,Arkansas,4.4715
Miller,Arkansas,21.018
Mississippi,Arkansas,0.64038
Monroe,Arkansas,5.2428
Las Animas,Colorado,0.62092
Bristol Bay,Alaska,0
Denali,Alaska,0
Dillingham,Alaska,0
Fairbanks North Star,Alaska,29.619
Haines,Alaska,0
Juneau,Alaska,0
Kenai Peninsula,Alaska,0
Ketchikan Gateway,Alaska,0
Kodiak Island,Alaska,0
Lake and Peninsula,Alaska,0
Matanuska-Susitna,Alaska,0
Nome,Alaska,0
North Slope,Alaska,0
Northwest Arctic,Alaska,0
Marion,Alabama,42.507
Marshall,Alabama,9.4936
Mobile,Alabama,34.602
Monroe,Alabama,81.061
Randolph,Alabama,25.257
Russell,Alabama,29.974
St. Clair,Alabama,32.48
Shelby,Alabama,31.26
Sumter,Alabama,79.994
Talladega,Alabama,18.104
Tallapoosa,Alabama,43.939
Tuscaloosa,Alabama,66.28
Walker,Alabama,21.448
Washington,Alabama,81.964
Wilcox,Alabama,67.365
Winston,Alabama,22.459
Aleutians East,Alaska,0
Aleutians West,Alaska,0
Anchorage,Alaska,0
Bethel,Alaska,0
Prince of Wales-Outer Ketchikan,Alaska,172.89
Sitka,Alaska,0
Skagway-Hoonah-Angoon,Alaska,0
Southeast Fairbanks,Alaska,0
Valdez-Cordova,Alaska,0
Wade Hampton,Alaska,0
Wrangell-Petersburg,Alaska,0
Yakutat,Alaska,0
Yukon-Koyukuk,Alaska,0
Apache,Arizona,15.791
Cochise,Arizona,0
Coconino,Arizona,6.4215
Gila,Arizona,0.99654
Graham,Arizona,0.58259
Greenlee,Arizona,0
La Paz,Arizona,0
Maricopa,Arizona,0
Archuleta,Colorado,1.4258
Santa Cruz,Arizona,0.015331
Yavapai,Arizona,0.5596
Yuma,Arizona,0
Arkansas,Arkansas,10.885
Ashley,Arkansas,133.17
Baxter,Arkansas,3.5946
Benton,Arkansas,6.0612
Fresno,California,2.5373
Glenn,California,2.3994
Humboldt,California,104.31
Imperial,California,0
Inyo,California,0
Boone,Arkansas,3.3676
Bradley,Arkansas,116.91
Calhoun,Arkansas,59.81
Carroll,Arkansas,4.7262
Chicot,Arkansas,6.0895
Clark,Arkansas,120.98
Clay,Arkansas,4.2639
Lassen,California,51.101
Los Angeles,California,0
Madera,California,0.038329
Cleburne,Arkansas,19.326
Cleveland,Arkansas,77.406
Columbia,Arkansas,44.196
Conway,Arkansas,16.031
Cross,Arkansas,0.83379
Dallas,Arkansas,91.993
Desha,Arkansas,14.166
Drew,Arkansas,78.097
Faulkner,Arkansas,6.3348
Franklin,Arkansas,4.1371
Fulton,Arkansas,16.665
Garland,Arkansas,31.139
Grant,Arkansas,59.506
Greene,Arkansas,0.3998
Hempstead,Arkansas,37.408
Hot Spring,Arkansas,43.658
Montgomery,Arkansas,20.851
Nevada,Arkansas,45.253
Mendocino,California,52.38
Merced,California,0
Modoc,California,12.719
Mono,California,0
Monterey,California,0
Napa,California,0.12265
Nevada,California,20.061
Orange,California,0
Placer,California,22.926
Plumas,California,85.915
Riverside,California,0
Sacramento,California,0
San Benito,California,0.030663
Newton,Arkansas,8.7536
Ouachita,Arkansas,64.907
Perry,Arkansas,37.227
Phillips,Arkansas,4.6967
Pike,Arkansas,89.761
Poinsett,Arkansas,0.25533
San Luis Obispo,California,0
San Mateo,California,1.9318
Santa Barbara,California,0
Santa Clara,California,1.9318
Polk,Arkansas,51.69
Pope,Arkansas,22.566
Prairie,Arkansas,6.7051
Pulaski,Arkansas,12.395
Randolph,Arkansas,8.3556
St. Francis,Arkansas,3.3717
Saline,Arkansas,35.985
Scott,Arkansas,30.068
Siskiyou,California,106.26
Solano,California,0
Searcy,Arkansas,12.153
Sebastian,Arkansas,1.2985
Sevier,Arkansas,39.115
Sharp,Arkansas,6.4822
Stone,Arkansas,14.37
Union,Arkansas,113.43
Van Buren,Arkansas,38.157
Washington,Arkansas,10.001
White,Arkansas,30.506
Cheyenne,Colorado,0
Clear Creek,Colorado,0
Conejos,Colorado,0.20697
Costilla,Colorado,1.2955
Crowley,Colorado,0
Custer,Colorado,0.091988
Delta,Colorado,5.3913
Denver,Colorado,0
Dolores,Colorado,1.8244
Douglas,Colorado,0.022997
Eagle,Colorado,0
Elbert,Colorado,0
El Paso,Colorado,0.045994
Fremont,Colorado,0.16098
Garfield,Colorado,0.14565
Gilpin,Colorado,0
Grand,Colorado,1.8781
Gunnison,Colorado,0.72058
Hinsdale,Colorado,0
Huerfano,Colorado,0.038329
Mineral,Colorado,0.099654
Moffat,Colorado,0
Montezuma,Colorado,0.81256
Montrose,Colorado,0.5596
Morgan,Colorado,0
Otero,Colorado,0
Phillips,Colorado,0
Kent,Delaware,3.4112
New Castle,Delaware,1.0962
Sussex,Delaware,8.7212
District of Columbia,District of Columbia,0
Alachua,Florida,27.019
Baker,Florida,17.655
Bay,Florida,50.49
Bradford,Florida,18.998
Brevard,Florida,1.3574
Broward,Florida,0
Calhoun,Florida,68.832
Charlotte,Florida,1.105
Citrus,Florida,0.8562
Clay,Florida,30.62
Collier,Florida,0
Columbia,Florida,21.658
Prowers,Colorado,0
Pueblo,Colorado,0.045994
Rio Blanco,Colorado,0
Rio Grande,Colorado,0.076657
Routt,Colorado,0.12265
Sedgwick,Colorado,0
Appling,Georgia,57.652
Atkinson,Georgia,19.007
Bacon,Georgia,27.164
Baker,Georgia,3.4655
Baldwin,Georgia,9.5821
Banks,Georgia,3.952
Barrow,Georgia,1.4117
Teller,Colorado,0
Yuma,Colorado,0
Fairfield,Connecticut,0.10732
DeSoto,Florida,1.0838
Crawford,Georgia,14.193
Crisp,Georgia,4.9732
Hardee,Florida,0
Hendry,Florida,0
Hernando,Florida,1.0968
Highlands,Florida,1.7678
Hillsborough,Florida,0.35557
Holmes,Florida,18.704
Indian River,Florida,0
Jackson,Florida,63.266
Jefferson,Florida,13.344
Lafayette,Florida,29.018
Lake,Florida,6.2252
Lee,Florida,0.059557
Leon,Florida,16.725
Levy,Florida,58.854
Liberty,Florida,23.65
Madison,Florida,45.282
Manatee,Florida,0
Marion,Florida,28.052
Martin,Florida,0
Miami-Dade,Florida,0
Monroe,Florida,0
Nassau,Florida,69.196
Okaloosa,Florida,22.604
Okeechobee,Florida,0
Orange,Florida,0.171
Osceola,Florida,0.54191
Palm Beach,Florida,0
Bartow,Georgia,13.598
Ben Hill,Georgia,9.3109
Bleckley,Georgia,14.818
Brantley,Georgia,27.652
Brooks,Georgia,12.059
Bryan,Georgia,20.651
Bulloch,Georgia,45.297
Burke,Georgia,66.254
Butts,Georgia,7.7512
Calhoun,Georgia,3.3894
Camden,Georgia,40.975
Candler,Georgia,14.884
Carroll,Georgia,33.135
Catoosa,Georgia,4.077
Charlton,Georgia,53.367
Chatham,Georgia,6.8431
Chattahoochee,Georgia,5.6478
Chattooga,Georgia,14.101
Cherokee,Georgia,8.9335
Clarke,Georgia,1.1823
Dade,Georgia,0.63449
Dawson,Georgia,3.9266
Decatur,Georgia,15.315
DeKalb,Georgia,0.4906
Dodge,Georgia,44.101
Dooly,Georgia,14.612
Dougherty,Georgia,3.7703
Douglas,Georgia,4.6407
Early,Georgia,12.242
Echols,Georgia,21.148
Effingham,Georgia,49.911
Elbert,Georgia,19.756
Emanuel,Georgia,45.419
Evans,Georgia,11.233
Fannin,Georgia,2.2791
Fayette,Georgia,0.47586
Floyd,Georgia,29.217
Forsyth,Georgia,3.7544
Franklin,Georgia,6.0742
Fulton,Georgia,9.647
Gilmer,Georgia,7.9735
Glascock,Georgia,14.254
Glynn,Georgia,26.405
Gordon,Georgia,11.216
Grady,Georgia,17.421
Greene,Georgia,30.976
Gwinnett,Georgia,5.7033
Habersham,Georgia,5.2769
Hall,Georgia,4.0139
Hancock,Georgia,36.094
Clark,Idaho,2.3764
Haralson,Georgia,17.46
Heard,Georgia,17.184
Jenkins,Georgia,30.185
Johnson,Georgia,28.954
Jones,Georgia,16.429
Gallatin,Illinois,0.82023
Greene,Illinois,0.5136
Grundy,Illinois,0.061326
Hamilton,Illinois,2.9755
Hancock,Illinois,2.6753
Lamar,Georgia,15.074
Mercer,Illinois,4.0074
Monroe,Illinois,2.5527
Montgomery,Illinois,2.9047
Miller,Georgia,4.1312
Paulding,Georgia,17.595
Peach,Georgia,2.7679
Decatur,Kansas,0
Dickinson,Kansas,0.0076657048
Doniphan,Kansas,0.31429
Douglas,Kansas,0.030663
Pickens,Georgia,6.7193
Polk,Georgia,7.8904
Randolph,Georgia,15.768
Richmond,Georgia,18.611
Rockdale,Georgia,0.7878
Bell,Kentucky,15.215
Boone,Kentucky,4.8028
Bourbon,Kentucky,0.62387
Boyd,Kentucky,9.0426
Boyle,Kentucky,1.5673
Bracken,Kentucky,9.5769
Breathitt,Kentucky,13.042
Breckinridge,Kentucky,38.429
Bullitt,Kentucky,3.8735
Butler,Kentucky,13.759
Caldwell,Kentucky,21.444
Schley,Georgia,13.303
Sumter,Georgia,16.092
Talbot,Georgia,22.601
Taliaferro,Georgia,13.091
Tattnall,Georgia,26.051
Taylor,Georgia,20.663
Telfair,Georgia,50.534
Terrell,Georgia,5.1773
Thomas,Georgia,20.302
Tift,Georgia,11.41
Toombs,Georgia,28.186
Towns,Georgia,0.48412
Treutlen,Georgia,11.292
Jefferson,Kentucky,0.39566
Jessamine,Kentucky,0.61031
Johnson,Kentucky,9.252
Kenton,Kentucky,3.2898
Knott,Kentucky,2.1912
Knox,Kentucky,44.033
Larue,Kentucky,8.0542
Laurel,Kentucky,58.556
Lawrence,Kentucky,10.498
Lee,Kentucky,26.581
Leslie,Kentucky,25.267
Letcher,Kentucky,28.917
Lewis,Kentucky,44.783
Lincoln,Kentucky,6.2216
Livingston,Kentucky,18.097
Troup,Georgia,29.82
Turner,Georgia,5.4645
Twiggs,Georgia,33.085
Union,Georgia,1.5084
Upson,Georgia,18.952
Walker,Georgia,6.7417
Walton,Georgia,4.5387
Ware,Georgia,54.691
Warren,Georgia,15.95
Washington,Georgia,47.643
Webster,Georgia,15.126
Wheeler,Georgia,19.281
White,Georgia,2.3298
Whitfield,Georgia,7.3213
Wilcox,Georgia,42.104
Wilkes,Georgia,30.441
Wilkinson,Georgia,38.764
Worth,Georgia,11.929
Hawaii,Hawaii,0
Honolulu,Hawaii,0
Kalawao,Hawaii,0
Kauai,Hawaii,0
Maui,Hawaii,0
Ada,Idaho,0
Adams,Idaho,12.772
Bannock,Idaho,0
Bear Lake,Idaho,0.8279
Benewah,Idaho,62.151
Bingham,Idaho,0
Blaine,Idaho,1.8091
Boise,Idaho,10.16
Bonner,Idaho,37.91
Boundary,Idaho,22.95
Butte,Idaho,1.2572
Camas,Idaho,0
Canyon,Idaho,0
Lincoln,Idaho,0
Madison,Idaho,0
Minidoka,Idaho,0
Nez Perce,Idaho,4.1855
Oneida,Idaho,0
Owyhee,Idaho,0
Payette,Idaho,0
Power,Idaho,0.39095
Shoshone,Idaho,88.922
Bond,Illinois,5.8291
Ohio,Kentucky,70.607
Oldham,Kentucky,0.65099
Boone,Illinois,1.0732
Carroll,Illinois,0.5366
Cass,Illinois,2.6677
Champaign,Illinois,0.10732
Clark,Illinois,1.8321
Clay,Illinois,7.1468
Clinton,Illinois,4.6301
Coles,Illinois,1.8781
Cook,Illinois,0.13032
Crawford,Illinois,1.4641
Calcasieu,Louisiana,14.576
Caldwell,Louisiana,47.352
Cameron,Louisiana,0.12914
Catahoula,Louisiana,8.8451
Claiborne,Louisiana,57.53
Concordia,Louisiana,23.977
De Soto,Louisiana,76.746
East Baton Rouge,Louisiana,27.31
East Carroll,Louisiana,0.8963
East Feliciana,Louisiana,36.659
Evangeline,Louisiana,18.841
Franklin,Louisiana,7.5301
Grant,Louisiana,38.464
Iberia,Louisiana,0.20284
Iberville,Louisiana,32.508
Jackson,Louisiana,57.617
Jefferson,Louisiana,0
Cumberland,Illinois,1.2265
DeKalb,Illinois,0.23764
Livingston,Louisiana,45.783
Madison,Louisiana,18.357
Morehouse,Louisiana,19.619
Natchitoches,Louisiana,62.262
Orleans,Louisiana,0
Ouachita,Louisiana,31.49
Plaquemines,Louisiana,0
Pointe Coupee,Louisiana,70.352
Rapides,Louisiana,70.66
Red River,Louisiana,17.046
Richland,Louisiana,5.9598
Sabine,Louisiana,68.69
De Witt,Illinois,0
St. John the Baptist,Louisiana,0
St. Landry,Louisiana,39.226
St. Martin,Louisiana,8.3426
St. Mary,Louisiana,1.3173
St. Tammany,Louisiana,25
Tangipahoa,Louisiana,31.331
Tensas,Louisiana,7.3402
Terrebonne,Louisiana,6.2546
Union,Louisiana,132.31
Vermilion,Louisiana,0
Vernon,Louisiana,84.504
Washington,Louisiana,20.574
Webster,Louisiana,44.171
Douglas,Illinois,0.068991
DuPage,Illinois,2.7626
West Carroll,Louisiana,0.66632
West Feliciana,Louisiana,34.83
Winn,Louisiana,111.64
Androscoggin,Maine,13.073
Aroostook,Maine,190.64
Cumberland,Maine,21.941
Franklin,Maine,54.886
Hancock,Maine,49.485
Kennebec,Maine,33.024
Knox,Maine,5.0287
Lincoln,Maine,12.678
Oxford,Maine,84.736
Penobscot,Maine,164.25
Piscataquis,Maine,131.02
Sagadahoc,Maine,2.8363
Somerset,Maine,179.51
Waldo,Maine,12.094
Washington,Maine,52.782
York,Maine,15.491
Allegany,Maryland,3.7102
Edgar,Illinois,1.4624
Edwards,Illinois,0.28363
Cecil,Maryland,4.6148
Charles,Maryland,17.421
Dorchester,Maryland,28.628
Frederick,Maryland,2.0314
Garrett,Maryland,8.792
Harford,Maryland,6.0677
Howard,Maryland,6.362
Kent,Maryland,2.568
Montgomery,Maryland,2.8399
Prince George's,Maryland,4.8064
Queen Anne's,Maryland,16.457
St. Mary's,Maryland,9.1812
Somerset,Maryland,5.8106
Talbot,Maryland,4.1165
Washington,Maryland,1.5025
Wicomico,Maryland,36.024
Worcester,Maryland,11.162
Baltimore City,Maryland,0
Barnstable,Massachusetts,8.9406
Effingham,Illinois,8.079
Fayette,Illinois,9.5055
Hampshire,Massachusetts,6.6621
Middlesex,Massachusetts,7.8511
Nantucket,Massachusetts,0
Ford,Illinois,0
Franklin,Illinois,2.7597
Hardin,Illinois,1.2495
Plymouth,Massachusetts,1.2236
Suffolk,Massachusetts,0
Worcester,Massachusetts,6.8466
Alcona,Michigan,5.8719
Henderson,Illinois,1.3798
Allegan,Michigan,8.3406
Alpena,Michigan,5.6113
Antrim,Michigan,5.8854
Arenac,Michigan,3.6854
Baraga,Michigan,36.188
Barry,Michigan,3.4389
Bay,Michigan,0.40628
Benzie,Michigan,4.8984
Berrien,Michigan,1.3108
Branch,Michigan,1.1958
Calhoun,Michigan,13.082
Iroquois,Illinois,0.038329
Jasper,Illinois,2.4454
Chippewa,Michigan,29.613
Jefferson,Illinois,3.5569
Jersey,Illinois,2.1541
Jo Daviess,Illinois,39.502
Johnson,Illinois,0.5596
Kane,Illinois,0.70524
Kankakee,Illinois,0.030663
Kendall,Illinois,0
Knox,Illinois,0.68225
Lawrence,Illinois,3.4036
Lee,Illinois,0.2683
Livingston,Illinois,0.015331
Delta,Michigan,26.317
Dickinson,Michigan,26.629
Logan,Illinois,0.33729
McDonough,Illinois,0.85089
Midland,Michigan,1.8168
Marion,Illinois,16.704
Benton,Minnesota,0.34496
Big Stone,Minnesota,0.10732
Blue Earth,Minnesota,0.72824
Brown,Minnesota,0.5596
Marshall,Illinois,0.038329
Isanti,Minnesota,1.46
Itasca,Minnesota,111.44
Massac,Illinois,0.52893
Morgan,Illinois,10.387
Claiborne,Mississippi,47.21
Moultrie,Illinois,0
Piatt,Illinois,0
Benton,Missouri,10.572
Putnam,Illinois,0
Saline,Illinois,2.4684
Polk,Missouri,2.8976
Scott,Illinois,1.3032
Stark,Illinois,0
Stephenson,Illinois,0.65158
Union,Illinois,2.1387
Vermilion,Illinois,6.5891
Wabash,Illinois,0.38329
Warren,Illinois,0.32196
Wayne,Illinois,6.392
White,Illinois,0.85856
Whiteside,Illinois,0.85856
Will,Illinois,2.535
Adams,Indiana,0.65925
Benton,Indiana,0
Blackford,Indiana,0.091988
Boone,Indiana,0.5596
Brown,Indiana,24.543
Carroll,Indiana,1.4335
Cass,Indiana,1.4412
Clay,Indiana,6.4156
Clinton,Indiana,0.41395
Decatur,Indiana,2.3764
DeKalb,Indiana,2.2997
Delaware,Indiana,0.19164
Elkhart,Indiana,3.3959
Fayette,Indiana,1.3722
Franklin,Indiana,3.5032
Grant,Indiana,0.93522
Greene,Indiana,14.948
Henry,Indiana,0.23764
Howard,Indiana,0.39862
Huntington,Indiana,1.5791
Jasper,Indiana,0.63625
Jay,Indiana,1.3492
Kosciusko,Indiana,6.5866
LaGrange,Indiana,3.0126
Lawrence,Indiana,17.902
Marshall,Indiana,2.6063
Martin,Indiana,14.299
Miami,Indiana,1.6251
Montgomery,Indiana,1.2035
Newton,Indiana,2.2826
Noble,Indiana,4.1778
Orange,Indiana,17.348
Pulaski,Indiana,2.982
Randolph,Indiana,0.78957
Ripley,Indiana,5.0517
Shelby,Indiana,0.55193
Steuben,Indiana,4.4921
Tipton,Indiana,0.0076657048
Union,Indiana,0.72589
Wabash,Indiana,5.1337
Wayne,Indiana,0.20697
Whitley,Indiana,2.8516
Adair,Iowa,2.9896
Adams,Iowa,0
Allamakee,Iowa,28.456
Appanoose,Iowa,1.4028
Audubon,Iowa,0
Black Hawk,Iowa,6.6786
Boone,Iowa,0.061326
Bremer,Iowa,0.045994
Buena Vista,Iowa,5.7017
Butler,Iowa,0.29896
Calhoun,Iowa,0
Cass,Iowa,0
Cedar,Iowa,0.21464
Cerro Gordo,Iowa,0
Cherokee,Iowa,0
Chickasaw,Iowa,0.015331
Clarke,Iowa,0.045994
Clay,Iowa,0
Davis,Iowa,1.2725
Decatur,Iowa,0.15331
Delaware,Iowa,1.2418
Dickinson,Iowa,0
Emmet,Iowa,0
Floyd,Iowa,0.045994
Franklin,Iowa,0.2453
Greene,Iowa,0
Grundy,Iowa,0
Guthrie,Iowa,0.81964
Hamilton,Iowa,0.86622
Hancock,Iowa,0
Worth,Missouri,0.19931
Hardin,Iowa,0.31429
Henry,Iowa,0.75124
Humboldt,Iowa,0
Powder River,Montana,0
Powell,Montana,7.0289
Prairie,Montana,0
Ravalli,Montana,2.338
Richland,Montana,0
Roosevelt,Montana,0
Rosebud,Montana,0
Sanders,Montana,12.92
Sheridan,Montana,0
Silver Bow,Montana,0.79723
Stillwater,Montana,0.36795
Sweet Grass,Montana,0.12265
Teton,Montana,0
Toole,Montana,0
Treasure,Montana,0
Ida,Iowa,0
Jasper,Iowa,0
Jefferson,Iowa,8.8858
Jones,Iowa,1.1805
Keokuk,Iowa,3.7255
Louisa,Iowa,0.42928
Lucas,Iowa,0.40628
Madison,Iowa,0
Marion,Iowa,2.6682
Marshall,Iowa,0
Mills,Iowa,0.44461
Mitchell,Iowa,0.099654
Montgomery,Iowa,0
O'Brien,Iowa,0
Osceola,Iowa,0
Page,Iowa,0.038329
Palo Alto,Iowa,0
Pocahontas,Iowa,0
Poweshiek,Iowa,0.52127
Ringgold,Iowa,0.076657
Shelby,Iowa,0
Story,Iowa,1.3875
Taylor,Iowa,0.0076657048
Union,Iowa,0
Van Buren,Iowa,2.1541
Wayne,Iowa,0.061326
Arthur,Nebraska,0
Webster,Iowa,0
Winnebago,Iowa,0.068991
Winneshiek,Iowa,5.6048
Worth,Iowa,0.015331
Wright,Iowa,0.37562
Allen,Kansas,0.13798
Anderson,Kansas,0.35616
Barber,Kansas,0
Brown,Kansas,0.045994
Butler,Kansas,0.0076657048
Chase,Kansas,0
Chautauqua,Kansas,0.015331
Cherokee,Kansas,0.16865
Cheyenne,Kansas,0
Clark,Kansas,0
Comanche,Kansas,0
Cowley,Kansas,0
Edwards,Kansas,0
Elk,Kansas,0.0076657048
Ford,Kansas,0
Gove,Kansas,0
Grant,Kansas,0
Gray,Kansas,0
Greeley,Kansas,0
Harper,Kansas,0
Haskell,Kansas,0
Hodgeman,Kansas,0
Kearny,Kansas,0
Kingman,Kansas,0
Kiowa,Kansas,0
Lane,Kansas,0
Lincoln,Kansas,0
Linn,Kansas,0.43695
Logan,Kansas,0
McPherson,Kansas,0.0076657048
Meade,Kansas,0
Morris,Kansas,0.0076657048
Morton,Kansas,0
Norton,Kansas,0
Osborne,Kansas,0
Ottawa,Kansas,2.275
Pawnee,Kansas,0
Phillips,Kansas,0.16511
Pottawatomie,Kansas,0.061326
Pratt,Kansas,0
Rawlins,Kansas,0
Rice,Kansas,0
Riley,Kansas,0.015331
Rush,Kansas,0
Scott,Kansas,0.0076657048
Seward,Kansas,0
Sheridan,Kansas,0
Sherman,Kansas,0
Smith,Kansas,0
Stafford,Kansas,0
Stevens,Kansas,0
Thomas,Kansas,0
Wichita,Kansas,0
Woodson,Kansas,0.20697
Adair,Kentucky,27.067
Allen,Kentucky,24.034
Anderson,Kentucky,1.1186
Ballard,Kentucky,18.351
Calloway,Kentucky,9.7641
Clinton,Kentucky,13.185
Crittenden,Kentucky,13.413
Cumberland,Kentucky,58.405
Daviess,Kentucky,14.205
Edmonson,Kentucky,10.923
Franklin,Kentucky,0.55075
Fulton,Kentucky,2.8098
Gallatin,Kentucky,3.8187
Garrard,Kentucky,0
Grant,Kentucky,2.9673
Graves,Kentucky,11.631
Grayson,Kentucky,26.428
Green,Kentucky,10.394
Greenup,Kentucky,70.581
Hancock,Kentucky,7.5348
Hardin,Kentucky,15.449
Harlan,Kentucky,28.828
Harrison,Kentucky,0
Hart,Kentucky,23.858
Henderson,Kentucky,0.56962
Henry,Kentucky,1.1493
Hickman,Kentucky,3.5899
Hopkins,Kentucky,37.515
Jackson,Kentucky,9.2967
Logan,Kentucky,8.7165
McCracken,Kentucky,2.1157
Marshall,Kentucky,9.8228
Mason,Kentucky,11.655
Metcalfe,Kentucky,24.903
Monroe,Kentucky,20.19
Montgomery,Kentucky,0.78662
Morgan,Kentucky,7.8355
Muhlenberg,Kentucky,25.667
Nelson,Kentucky,5.8577
Russell,Kentucky,14.771
Simpson,Kentucky,0.28481
Todd,Kentucky,9.0208
Trigg,Kentucky,21.509
Trimble,Kentucky,0.58967
Union,Kentucky,2.1234
Warren,Kentucky,6.6598
Washington,Kentucky,0.88156
Wayne,Kentucky,15.082
Webster,Kentucky,5.9975
Whitley,Kentucky,29.305
Wolfe,Kentucky,9.0851
Woodford,Kentucky,0
Acadia,Louisiana,3.6353
Allen,Louisiana,55.69
Ascension,Louisiana,5.4969
Assumption,Louisiana,8.5402
Avoyelles,Louisiana,18.604
West Baton Rouge,Louisiana,19.166
Cass,Michigan,2.5527
Charlevoix,Michigan,3.7025
Clare,Michigan,9.3286
Clinton,Michigan,0.35262
Crawford,Michigan,10.927
Gladwin,Michigan,9.8003
Gratiot,Michigan,0.83556
Hillsdale,Michigan,1.1269
Ionia,Michigan,1.2342
Kalamazoo,Michigan,4.0546
Lake,Michigan,8.3615
Lapeer,Michigan,2.0084
Leelanau,Michigan,2.959
Lenawee,Michigan,0.77424
Livingston,Michigan,0.79723
Luce,Michigan,23.198
Mackinac,Michigan,18.898
Macomb,Michigan,5.2587
Manistee,Michigan,4.9061
Mecosta,Michigan,2.4607
Menominee,Michigan,38.316
Missaukee,Michigan,7.3532
Monroe,Michigan,0.25297
Montmorency,Michigan,8.2259
Osceola,Michigan,5.9439
Oscoda,Michigan,7.6952
St. Joseph,Michigan,1.3185
Schoolcraft,Michigan,23.198
Shiawassee,Michigan,0.31429
Tuscola,Michigan,1.4028
Van Buren,Michigan,18.807
Washtenaw,Michigan,2.3764
Wayne,Michigan,9.6416
Wexford,Michigan,11.811
Aitkin,Minnesota,53.507
Anoka,Minnesota,0.57905
Carlton,Minnesota,26.883
Clay,Minnesota,0.25297
Clearwater,Minnesota,14.412
Cook,Minnesota,12.112
Cottonwood,Minnesota,0.022997
Dodge,Minnesota,1.2507
Douglas,Minnesota,1.7324
Faribault,Minnesota,1.2035
Freeborn,Minnesota,0.43695
Grant,Minnesota,0.0076657048
Houston,Minnesota,8.4382
Hubbard,Minnesota,33.21
Jackson,Minnesota,0.0076657048
Kanabec,Minnesota,5.32
Kandiyohi,Minnesota,0.076657
Kittson,Minnesota,1.2342
Koochiching,Minnesota,78.426
Lac qui Parle,Minnesota,0.05366
Lake,Minnesota,29.643
Lincoln,Minnesota,0.030663
Lyon,Minnesota,0.045994
McLeod,Minnesota,0.015331
Mahnomen,Minnesota,1.8321
Martin,Minnesota,0
Mower,Minnesota,0.22231
Murray,Minnesota,0.0076657048
Nobles,Minnesota,0.0076657048
Otter Tail,Minnesota,2.2767
Pennington,Minnesota,1.5638
Pipestone,Minnesota,0.030663
Pope,Minnesota,0.084323
Red Lake,Minnesota,1.6481
Rock,Minnesota,0.05366
Steele,Minnesota,0.39862
Stevens,Minnesota,0
Hooker,Nebraska,0
Howard,Nebraska,0.061326
Jefferson,Nebraska,0.0076657048
Swift,Minnesota,0.030663
Todd,Minnesota,6.7157
Traverse,Minnesota,0
Wabasha,Minnesota,4.0245
Johnson,Nebraska,0
Wadena,Minnesota,8.792
Waseca,Minnesota,0.16098
Watonwan,Minnesota,0.0076657048
Wilkin,Minnesota,0.0076657048
Winona,Minnesota,4.8371
Wright,Minnesota,0.59026
Yellow Medicine,Minnesota,0
Adams,Mississippi,25.87
Pershing,Nevada,0
Storey,Nevada,0
Washoe,Nevada,0
White Pine,Nevada,0
Carson City,Nevada,5.6726
Belknap,New Hampshire,1.3262
Carroll,New Hampshire,20.851
Cheshire,New Hampshire,8.3146
Coos,New Hampshire,45.346
Grafton,New Hampshire,21.753
Hillsborough,New Hampshire,2.0084
Merrimack,New Hampshire,19.707
Rockingham,New Hampshire,1.3533
Strafford,New Hampshire,6.8225
Sullivan,New Hampshire,13.161
Atlantic,New Jersey,1.4146
Bergen,New Jersey,0
Burlington,New Jersey,0.94288
Camden,New Jersey,5.9757
Cape May,New Jersey,0
Cumberland,New Jersey,0
Essex,New Jersey,0
Gloucester,New Jersey,0.54427
Hudson,New Jersey,0
Alcorn,Mississippi,10.809
Warren,New Jersey,0.31429
Bernalillo,New Mexico,0
Catron,New Mexico,0.0076657048
Chaves,New Mexico,0
Cibola,New Mexico,0
Colfax,New Mexico,5.1614
Curry,New Mexico,0
De Baca,New Mexico,0
Dona Ana,New Mexico,0
Eddy,New Mexico,0
Grant,New Mexico,0.22231
Guadalupe,New Mexico,0
Harding,New Mexico,0
Hidalgo,New Mexico,0
Lea,New Mexico,0
Lincoln,New Mexico,4.4001
Los Alamos,New Mexico,0
Benton,Mississippi,6.5324
Otero,New Mexico,7.4652
Quay,New Mexico,0
Rio Arriba,New Mexico,2.2844
Roosevelt,New Mexico,0
Sandoval,New Mexico,0.88156
San Juan,New Mexico,0
San Miguel,New Mexico,0.36029
Santa Fe,New Mexico,0.36029
Sierra,New Mexico,0
Socorro,New Mexico,0
Taos,New Mexico,0.72824
Torrance,New Mexico,0
Union,New Mexico,0
Valencia,New Mexico,0
Albany,New York,2.1387
Allegany,New York,6.5925
Bronx,New York,0.030663
Broome,New York,3.9632
Cattaraugus,New York,47.54
Cayuga,New York,3.4496
Chautauqua,New York,3.0356
Chemung,New York,3.4036
Chenango,New York,6.8225
Clinton,New York,4.6378
Columbia,New York,2.0828
Calhoun,Mississippi,24.12
Carroll,Mississippi,15.254
Greene,New York,3.3959
Hamilton,New York,15.101
Herkimer,New York,5.6673
Jefferson,New York,1.9318
Kings,New York,0
Lewis,New York,8.8627
Livingston,New York,3.1459
Madison,New York,2.9436
Monroe,New York,5.7265
Montgomery,New York,0.89689
Nassau,New York,0
New York,New York,0
Niagara,New York,0.30663
Oneida,New York,5.7646
Onondaga,New York,16.814
Ontario,New York,7.3025
Orange,New York,0.69758
Orleans,New York,1.0266
Oswego,New York,5.9439
Otsego,New York,7.7064
Putnam,New York,0.091988
Queens,New York,0
Rensselaer,New York,14.234
Richmond,New York,0
Chickasaw,Mississippi,12.46
Choctaw,Mississippi,18.026
Clarke,Mississippi,35.536
Clay,Mississippi,12.525
Coahoma,Mississippi,17.013
Copiah,Mississippi,54.827
Covington,Mississippi,45.532
DeSoto,Mississippi,1.9695
Steuben,New York,7.9664
Suffolk,New York,0.10732
Sullivan,New York,2.5373
Tioga,New York,2.8363
Tompkins,New York,2.1924
Ulster,New York,17.894
Warren,New York,24.812
Washington,New York,6.4982
Wayne,New York,1.3492
Westchester,New York,0.41395
Wyoming,New York,1.4948
Yates,New York,0.93522
Alamance,North Carolina,18.081
Forrest,Mississippi,10.313
Franklin,Mississippi,23.037
Beaufort,North Carolina,124.42
Bertie,North Carolina,55.612
George,Mississippi,7.3131
Greene,Mississippi,32.668
Forsyth,North Carolina,12.229
Franklin,North Carolina,31.109
Gaston,North Carolina,15.751
Gates,North Carolina,59.698
Graham,North Carolina,6.297
Granville,North Carolina,40.706
Greene,North Carolina,11.573
Guilford,North Carolina,26.482
Halifax,North Carolina,92.758
Harnett,North Carolina,13.562
Grenada,Mississippi,8.1374
Hancock,Mississippi,9.1045
Harrison,Mississippi,5.8837
Hinds,Mississippi,29.082
Holmes,Mississippi,33.087
Humphreys,Mississippi,1.8575
Issaquena,Mississippi,10.266
Hertford,North Carolina,44.838
Hoke,North Carolina,15.432
Hyde,North Carolina,9.5645
Iredell,North Carolina,26.742
Jackson,North Carolina,41.008
Johnston,North Carolina,16.627
Jones,North Carolina,43.593
Lee,North Carolina,12.599
Lenoir,North Carolina,20.443
Lincoln,North Carolina,19.694
McDowell,North Carolina,30.402
Macon,North Carolina,11.754
Madison,North Carolina,11.935
Itawamba,Mississippi,46.792
Jackson,Mississippi,6.4339
Nash,North Carolina,30.959
New Hanover,North Carolina,2.5102
Northampton,North Carolina,65.429
Onslow,North Carolina,47.513
Jasper,Mississippi,21.033
Pender,North Carolina,50.706
Perquimans,North Carolina,16.848
Jones,Mississippi,30.022
Swain,North Carolina,4.3099
Transylvania,North Carolina,1.3739
Tyrrell,North Carolina,11.565
Kemper,Mississippi,45.062
Vance,North Carolina,18.756
Wake,North Carolina,24.783
Warren,North Carolina,63.752
Washington,North Carolina,32.625
Watauga,North Carolina,7.8538
Wayne,North Carolina,19.761
Wilkes,North Carolina,58.218
Wilson,North Carolina,16.352
Yadkin,North Carolina,25.887
Yancey,North Carolina,7.6085
Lamar,Mississippi,20.597
Lauderdale,Mississippi,70.128
Lawrence,Mississippi,23.711
Leake,Mississippi,20.031
Lincoln,Mississippi,83.774
Lowndes,Mississippi,10.166
Madison,Mississippi,16.578
Rogers,Oklahoma,0
Seminole,Oklahoma,0
Sequoyah,Oklahoma,3.2384
Stephens,Oklahoma,0
Texas,Oklahoma,0
Tillman,Oklahoma,0
Tulsa,Oklahoma,0
Wagoner,Oklahoma,0
Washington,Oklahoma,0
Washita,Oklahoma,0
Woods,Oklahoma,0
Woodward,Oklahoma,0
Marion,Mississippi,54.903
Marshall,Mississippi,14.537
Neshoba,Mississippi,18.146
Klamath,Oregon,40.858
Lake,Oregon,14.571
Lane,Oregon,207.39
Lincoln,Oregon,76.657
Linn,Oregon,137.81
Malheur,Oregon,0.56726
Marion,Oregon,26.553
Morrow,Oregon,0.57493
Multnomah,Oregon,6.2092
Polk,Oregon,59.792
Sherman,Oregon,0
Tillamook,Oregon,97.354
Umatilla,Oregon,7.1999
Newton,Mississippi,16.263
Butler,Pennsylvania,7.7365
Cambria,Pennsylvania,18.787
Noxubee,Mississippi,23.158
Oktibbeha,Mississippi,8.7861
Beaufort,South Carolina,18.105
Berkeley,South Carolina,65.913
Calhoun,South Carolina,18.214
Charleston,South Carolina,42.168
Cherokee,South Carolina,21.669
Chester,South Carolina,49.282
Chesterfield,South Carolina,60.926
Clarendon,South Carolina,44.851
Colleton,South Carolina,136.09
Darlington,South Carolina,18.775
Dillon,South Carolina,39.474
Dorchester,South Carolina,53.102
Edgefield,South Carolina,52.982
Fairfield,South Carolina,96.316
Panola,Mississippi,22.69
Pearl River,Mississippi,19.754
Hampton,South Carolina,61.957
Horry,South Carolina,75.421
Jasper,South Carolina,55.174
Perry,Mississippi,18.121
Lancaster,South Carolina,53.093
Laurens,South Carolina,53.04
Lee,South Carolina,28.649
Lexington,South Carolina,34.506
McCormick,South Carolina,35.02
Marion,South Carolina,29.915
Marlboro,South Carolina,46.029
Newberry,South Carolina,76.711
Oconee,South Carolina,30.244
Orangeburg,South Carolina,68.401
Pickens,South Carolina,19.962
Richland,South Carolina,52.609
Pike,Mississippi,7.628
Pontotoc,Mississippi,9.7826
Prentiss,Mississippi,11.157
Cannon,Tennessee,5.261
Carroll,Tennessee,18.351
Carter,Tennessee,3.252
Cheatham,Tennessee,7.5442
Chester,Tennessee,21.283
Claiborne,Tennessee,14.512
Clay,Tennessee,5.6815
Cocke,Tennessee,7.0536
Coffee,Tennessee,5.0847
Quitman,Mississippi,1.0927
Rankin,Mississippi,20.546
Decatur,Tennessee,22.124
DeKalb,Tennessee,5.9805
Dickson,Tennessee,16.748
Dyer,Tennessee,3.3494
Fayette,Tennessee,6.4433
Fentress,Tennessee,11.636
Franklin,Tennessee,15.349
Gibson,Tennessee,3.3281
Giles,Tennessee,23.652
Grainger,Tennessee,8.1552
Scott,Mississippi,38.751
Sharkey,Mississippi,3.4997
Simpson,Mississippi,38.599
Stone,Mississippi,3.6972
Tippah,Mississippi,20.22
Union,Mississippi,11.634
Walthall,Mississippi,12.289
Ward,Texas,0
Washington,Texas,0
Webb,Texas,0
Wharton,Texas,0
Wayne,Mississippi,45.074
Webster,Mississippi,20.133
Wilkinson,Mississippi,36.518
Box Elder,Utah,0
Cache,Utah,0.32963
Carbon,Utah,0.084323
Daggett,Utah,0
Davis,Utah,0
Duchesne,Utah,0.16865
Emery,Utah,0.0076657048
Garfield,Utah,0.91988
Grand,Utah,1.5638
Iron,Utah,0.42928
Juab,Utah,0
Winston,Mississippi,52.706
Addison,Vermont,4.1165
Yalobusha,Mississippi,12.088
Yazoo,Mississippi,17.042
Orange,Vermont,11.392
Orleans,Vermont,14.441
Rutland,Vermont,14.352
Washington,Vermont,6.0028
Windham,Vermont,16.888
Windsor,Vermont,17.472
Accomack,Virginia,0
Albemarle,Virginia,34.396
Alleghany,Virginia,54.257
Amelia,Virginia,32.623
Amherst,Virginia,35.273
Appomattox,Virginia,28.553
Arlington,Virginia,0
Augusta,Virginia,32.31
Bath,Virginia,51.067
Bedford,Virginia,50.561
Bland,Virginia,28.775
Botetourt,Virginia,31.552
Brunswick,Virginia,112.7
Adair,Missouri,1.6405
Andrew,Missouri,0.30663
Charles City,Virginia,15.961
Charlotte,Virginia,82.449
Chesterfield,Virginia,16.77
Clarke,Virginia,4.1831
Craig,Virginia,7.4381
Culpeper,Virginia,9.9861
Cumberland,Virginia,24.14
Dickenson,Virginia,70.426
Dinwiddie,Virginia,55.753
Essex,Virginia,13.207
Fairfax,Virginia,2.4973
Fauquier,Virginia,7.9329
Floyd,Virginia,19.365
Fluvanna,Virginia,17.409
Franklin,Virginia,52.968
Frederick,Virginia,12.784
Giles,Virginia,30.073
Atchison,Missouri,0.05366
Audrain,Missouri,3.4266
Barry,Missouri,7.5065
Bollinger,Missouri,20.175
Boone,Missouri,2.7903
Buchanan,Missouri,1.0119
Butler,Missouri,11.274
Greensville,Virginia,47.487
Halifax,Virginia,110.74
Hanover,Virginia,19.157
Henrico,Virginia,1.1044
Henry,Virginia,34.648
Caldwell,Missouri,0.69758
Callaway,Missouri,1.4948
Camden,Missouri,4.6531
Cape Girardeau,Missouri,4.7987
Carroll,Missouri,2.292
James City,Virginia,3.2013
King and Queen,Virginia,20.709
King George,Virginia,19.794
King William,Virginia,17.906
Lancaster,Virginia,6.7075
Lee,Virginia,9.3369
Loudoun,Virginia,5.1643
Louisa,Virginia,42.487
Lunenburg,Virginia,37.131
Madison,Virginia,5.3442
Mathews,Virginia,3.5079
Carter,Missouri,21.771
Cass,Missouri,1.8704
New Kent,Virginia,8.6357
Northampton,Virginia,0
Northumberland,Virginia,15.341
Nottoway,Virginia,34.167
Orange,Virginia,14.431
Page,Virginia,1.6929
Patrick,Virginia,55.819
Pittsylvania,Virginia,109.17
Powhatan,Virginia,8.8368
Prince Edward,Virginia,35.633
Prince George,Virginia,12.544
Prince William,Virginia,4.6331
Pulaski,Virginia,1.5992
Rappahannock,Virginia,4.9509
Richmond,Virginia,16.229
Roanoke,Virginia,6.7357
Rockbridge,Virginia,27.909
Rockingham,Virginia,23.616
Cedar,Missouri,25.854
Spotsylvania,Virginia,24.34
Stafford,Virginia,22.289
Surry,Virginia,46.305
Sussex,Virginia,48.425
Tazewell,Virginia,25.358
Warren,Virginia,5.0382
Washington,Virginia,3.6571
Westmoreland,Virginia,12.109
Wise,Virginia,12.273
Wythe,Virginia,7.086
York,Virginia,0
Alexandria,Virginia,0
Cooper,Missouri,1.1958
Crawford,Missouri,10.779
Dade,Missouri,0.59792
Dallas,Missouri,4.2928
Daviess,Missouri,4.5287
DeKalb,Missouri,0.27597
Dent,Missouri,11.174
Douglas,Missouri,14.022
Gentry,Missouri,2.6842
Bedford City,Virginia,0
Grundy,Missouri,5.7705
Buena Vista,Virginia,0
Charlottesville,Virginia,0
Chesapeake,Virginia,5.5866
Colonial Heights,Virginia,0
Harrison,Missouri,1.7784
Hickory,Missouri,3.8942
Howard,Missouri,1.3415
Iron,Missouri,14.182
Jackson,Missouri,0
Jasper,Missouri,0.85089
Jefferson,Missouri,6.1326
Knox,Missouri,7.0825
Lewis,Missouri,2.9513
McDonald,Missouri,6.5866
Macon,Missouri,6.7402
Madison,Missouri,28.77
Mercer,Missouri,1.2802
Moniteau,Missouri,2.0774
Monroe,Missouri,2.407
Newton,Missouri,3.7255
Nodaway,Missouri,0.41395
Oregon,Missouri,24.418
Osage,Missouri,12.902
Ozark,Missouri,6.3448
Pemiscot,Missouri,0
Perry,Missouri,14.535
Pettis,Missouri,1.7171
Pulaski,Missouri,1.6865
Randolph,Missouri,8.6151
Reynolds,Missouri,25.934
Ripley,Missouri,20.178
St. Francois,Missouri,4.6224
St. Louis,Missouri,4.0699
Saline,Missouri,0.69758
Schuyler,Missouri,1.5408
Scotland,Missouri,2.798
Scott,Missouri,0.5596
Shannon,Missouri,36.483
Covington,Virginia,0
Danville,Virginia,0
Shelby,Missouri,7.327
Stoddard,Missouri,2.5757
Stone,Missouri,3.6565
Falls Church,Virginia,0
Sullivan,Missouri,0.42928
Wayne,Missouri,13.262
Wright,Missouri,4.6914
St. Louis City,Missouri,0
Beaverhead,Montana,4.1625
Big Horn,Montana,1.6635
Blaine,Montana,0
Broadwater,Montana,2.9896
Carbon,Montana,0
Daniels,Montana,0
Dawson,Montana,0
Deer Lodge,Montana,2.959
Fallon,Montana,0
Fergus,Montana,2.5833
Flathead,Montana,40.953
Gallatin,Montana,1.4105
Garfield,Montana,0
Liberty,Montana,0
Lincoln,Montana,23.864
McCone,Montana,0
Madison,Montana,0.72824
Meagher,Montana,1.1652
Mineral,Montana,8.3615
Missoula,Montana,32.314
Musselshell,Montana,0.56726
Park,Montana,1.9241
Banner,Nebraska,1.3385
Blaine,Nebraska,0
Custer,Nebraska,0
Dakota,Nebraska,1.2342
Deuel,Nebraska,0
Dixon,Nebraska,0.62092
Dodge,Nebraska,0.42161
Dundy,Nebraska,0
Garfield,Nebraska,0
Grant,Nebraska,0
Greeley,Nebraska,0.061326
Hall,Nebraska,0.23764
Hayes,Nebraska,0
Hitchcock,Nebraska,0
Kimball,Nebraska,0.0076657048
Logan,Nebraska,0
Loup,Nebraska,0.0076657048
McPherson,Nebraska,0
Red Willow,Nebraska,0
Richardson,Nebraska,0.099654
Rock,Nebraska,0.015331
Saline,Nebraska,0.045994
Sarpy,Nebraska,0.66692
Sherman,Nebraska,0.015331
Thomas,Nebraska,0
Galax,Virginia,0
Valley,Nebraska,0
Wheeler,Nebraska,0
York,Nebraska,0.045994
Churchill,Nevada,0
Douglas,Nevada,0
Elko,Nevada,0
Esmeralda,Nevada,0
Eureka,Nevada,0
Humboldt,Nevada,0
Lander,Nevada,0
Lincoln,Nevada,0
Lyon,Nevada,0
Luna,New Mexico,0
Cortland,New York,4.6914
Delaware,New York,16.303
Dutchess,New York,0.88156
Erie,New York,1.9394
Essex,New York,25.981
Franklin,New York,8.2495
Caswell,North Carolina,40.001
Catawba,North Carolina,25.451
Chatham,North Carolina,53.407
Cherokee,North Carolina,20.65
Chowan,North Carolina,6.51
Clay,North Carolina,7.349
Cleveland,North Carolina,36.294
Columbus,North Carolina,75.576
Craven,North Carolina,62.262
Cumberland,North Carolina,15.885
Currituck,North Carolina,16.162
Dare,North Carolina,0.58554
Davidson,North Carolina,26.73
Davie,North Carolina,12.997
Person,North Carolina,44.155
Rockingham,North Carolina,32.442
Stanly,North Carolina,11.89
Stokes,North Carolina,26.705
Surry,North Carolina,30.571
Adams,North Dakota,0
Barnes,North Dakota,0.0076657048
Benson,North Dakota,0
Billings,North Dakota,0
Bottineau,North Dakota,1.9223
Bowman,North Dakota,0
Burke,North Dakota,0
Cavalier,North Dakota,0
Dickey,North Dakota,0
Divide,North Dakota,0
Eddy,North Dakota,0
Foster,North Dakota,0
Golden Valley,North Dakota,0
Griggs,North Dakota,0
Hettinger,North Dakota,0
Logan,North Dakota,0
McHenry,North Dakota,0
McIntosh,North Dakota,0
Mercer,North Dakota,0
Morton,North Dakota,0.015331
Mountrail,North Dakota,0
Nelson,North Dakota,0
Pierce,North Dakota,0
Ransom,North Dakota,0.20697
Renville,North Dakota,0
Rolette,North Dakota,0
Sargent,North Dakota,0
Sheridan,North Dakota,0
Slope,North Dakota,0.015331
Steele,North Dakota,0
Towner,North Dakota,0
Wells,North Dakota,0
Athens,Ohio,7.4121
Auglaize,Ohio,2.5144
Belmont,Ohio,5.9474
Brown,Ohio,1.0502
Butler,Ohio,2.0774
Champaign,Ohio,0.0076657048
Clark,Ohio,1.6175
Clermont,Ohio,10.564
Clinton,Ohio,0.74357
Darke,Ohio,0.39095
Delaware,Ohio,0.65158
Erie,Ohio,0.89689
Fairfield,Ohio,0.85856
Fayette,Ohio,0
Fulton,Ohio,0
Henry,Ohio,0.21464
Hocking,Ohio,17.861
Jackson,Ohio,12.772
Logan,Ohio,3.1199
Marion,Ohio,0.068991
Mercer,Ohio,1.2035
Miami,Ohio,0.076657
Morrow,Ohio,0.19931
Paulding,Ohio,0.0076657048
Perry,Ohio,8.0549
Pickaway,Ohio,9.4583
Preble,Ohio,0.37562
Seneca,Ohio,0.25297
Shelby,Ohio,0
Union,Ohio,1.5331
Van Wert,Ohio,0
Vinton,Ohio,15.868
Williams,Ohio,1.0885
Adair,Oklahoma,11.2
Alfalfa,Oklahoma,0
Beckham,Oklahoma,0
Canadian,Oklahoma,0
Carter,Oklahoma,0
Cherokee,Oklahoma,2.6848
Choctaw,Oklahoma,5.5424
Cimarron,Oklahoma,0
Coal,Oklahoma,0.28953
Craig,Oklahoma,0
Custer,Oklahoma,0
Delaware,Oklahoma,2.5975
Dewey,Oklahoma,0
Grant,Oklahoma,0
Harmon,Oklahoma,0
Harper,Oklahoma,0
Johnston,Oklahoma,0
Kay,Oklahoma,0
Latimer,Oklahoma,4.3494
Logan,Oklahoma,0
Love,Oklahoma,0
McClain,Oklahoma,0
McCurtain,Oklahoma,68.627
McIntosh,Oklahoma,0
Major,Oklahoma,0
Mayes,Oklahoma,0.50122
Nowata,Oklahoma,0
Ottawa,Oklahoma,0.95586
Pawnee,Oklahoma,0
Payne,Oklahoma,0
Pittsburg,Oklahoma,0.07194
Pontotoc,Oklahoma,0
Pottawatomie,Oklahoma,0
Pushmataha,Oklahoma,74.846
Columbia,Oregon,73.414
Coos,Oregon,145.12
Crook,Oregon,0.99654
Curry,Oregon,37.35
Deschutes,Oregon,19.211
Douglas,Oregon,201.43
Gilliam,Oregon,0
Grant,Oregon,8.6858
Harney,Oregon,7.7188
Hood River,Oregon,13.315
Cameron,Pennsylvania,7.6008
Fayette,Pennsylvania,14.636
Forest,Pennsylvania,16.251
Franklin,Pennsylvania,24.819
Fulton,Pennsylvania,16.682
Greene,Pennsylvania,6.3331
Huntingdon,Pennsylvania,28.18
Indiana,Pennsylvania,16.806
Jefferson,Pennsylvania,22.637
Juniata,Pennsylvania,19.217
Lackawanna,Pennsylvania,3.6795
Lancaster,Pennsylvania,12.786
Lawrence,Pennsylvania,5.9792
Lebanon,Pennsylvania,4.5688
McKean,Pennsylvania,25.332
Mercer,Pennsylvania,15.85
Mifflin,Pennsylvania,12.424
Monroe,Pennsylvania,3.0203
Montgomery,Pennsylvania,1.5025
Montour,Pennsylvania,0.27597
Northampton,Pennsylvania,0.35262
Northumberland,Pennsylvania,16.658
Potter,Pennsylvania,51.614
Sullivan,Pennsylvania,20.697
Susquehanna,Pennsylvania,15.19
Tioga,Pennsylvania,21.263
Union,Pennsylvania,4.2085
Warren,Pennsylvania,37.509
Washington,Pennsylvania,10.818
Wayne,Pennsylvania,9.0986
Wyoming,Pennsylvania,8.9335
York,Pennsylvania,10.313
Bristol,Rhode Island,0.061326
Kent,Rhode Island,2.5645
Newport,Rhode Island,0.0076657048
Providence,Rhode Island,0.39862
Washington,Rhode Island,12.107
Abbeville,South Carolina,35.08
Aiken,South Carolina,65.534
Allendale,South Carolina,53.193
Aurora,South Dakota,0
Buffalo,South Dakota,0
Campbell,South Dakota,0
Clark,South Dakota,0
Codington,South Dakota,0
Corson,South Dakota,0
Davison,South Dakota,0
Douglas,South Dakota,0
Faulk,South Dakota,0
Haakon,South Dakota,0
Hamlin,South Dakota,0
Hutchinson,South Dakota,0
Hyde,South Dakota,0
Jerauld,South Dakota,0
Lake,South Dakota,0
Marshall,South Dakota,0
Meade,South Dakota,1.6788
Miner,South Dakota,0
Moody,South Dakota,0.076657
Roberts,South Dakota,0
Sanborn,South Dakota,0
Shannon,South Dakota,0
Spink,South Dakota,0
Stanley,South Dakota,0
Sully,South Dakota,0
Todd,South Dakota,0.10732
Tripp,South Dakota,0
Turner,South Dakota,0
Union,South Dakota,0
Walworth,South Dakota,0
Yankton,South Dakota,0
Ziebach,South Dakota,0
Anderson,Tennessee,12.082
Bedford,Tennessee,3.0344
Benton,Tennessee,10.166
Houston,Tennessee,28.47
Lake,Tennessee,1.1286
Lauderdale,Tennessee,0.2854
Lawrence,Tennessee,27.021
Lewis,Tennessee,55.053
Lincoln,Tennessee,8.3203
Loudon,Tennessee,2.0043
Macon,Tennessee,19.364
Madison,Tennessee,18.166
Marion,Tennessee,20.139
Marshall,Tennessee,1.9707
Maury,Tennessee,6.7599
Meigs,Tennessee,3.604
Monroe,Tennessee,17.552
Montgomery,Tennessee,7.9936
Moore,Tennessee,2.8322
Morgan,Tennessee,13.745
Obion,Tennessee,9.0455
Overton,Tennessee,17.418
Perry,Tennessee,31.481
Pickett,Tennessee,6.3619
Polk,Tennessee,12.198
Putnam,Tennessee,11.216
Rhea,Tennessee,19.266
Roane,Tennessee,6.1402
Robertson,Tennessee,3.4366
Rutherford,Tennessee,0.70583
Stewart,Tennessee,35.839
Trousdale,Tennessee,1.5408
Unicoi,Tennessee,5.0335
Union,Tennessee,2.6417
Van Buren,Tennessee,25.171
Warren,Tennessee,13.918
Washington,Tennessee,15.964
Wayne,Tennessee,77.49
Weakley,Tennessee,14.17
White,Tennessee,20.458
Andrews,Texas,0
Archer,Texas,0
Armstrong,Texas,0
Bailey,Texas,0
Baylor,Texas,0
Blanco,Texas,0
Borden,Texas,0
Briscoe,Texas,0
Brooks,Texas,0
Callahan,Texas,0
Carson,Texas,0
Castro,Texas,0
Childress,Texas,0
Cochran,Texas,0
Coke,Texas,0
Collingsworth,Texas,0
Comanche,Texas,0
Coryell,Texas,0
Cottle,Texas,0
Crosby,Texas,0
Dallam,Texas,0
Dawson,Texas,0
Deaf Smith,Texas,0
Dickens,Texas,0
Dimmit,Texas,0
Donley,Texas,0
Eastland,Texas,0
Ector,Texas,0
Falls,Texas,0
Fayette,Texas,0
Fisher,Texas,0
Floyd,Texas,0
Frio,Texas,0
Gaines,Texas,0
Garza,Texas,0
Gillespie,Texas,0
Glasscock,Texas,0
Gray,Texas,0
Grimes,Texas,1.6128
Guadalupe,Texas,0
Hale,Texas,0
Hall,Texas,0
Hamilton,Texas,0
Hansford,Texas,0
Hartley,Texas,0
Haskell,Texas,0
Hemphill,Texas,0
Hockley,Texas,0
Hood,Texas,0
Howard,Texas,0
Hutchinson,Texas,0
Irion,Texas,0
Jack,Texas,0
Jackson,Texas,0
Jim Hogg,Texas,0
Jones,Texas,0
Kent,Texas,0
Kerr,Texas,0
Kimble,Texas,0
King,Texas,0
Lamb,Texas,0
La Salle,Texas,0
Limestone,Texas,0
Lipscomb,Texas,0
Lubbock,Texas,0
Lynn,Texas,0
McMullen,Texas,0
Martin,Texas,0
Mason,Texas,0
Menard,Texas,0
Midland,Texas,0
Mitchell,Texas,0
Moore,Texas,0
Motley,Texas,0
Nolan,Texas,0
Ochiltree,Texas,0
Oldham,Texas,0
Parmer,Texas,0
Potter,Texas,0
Rains,Texas,0
Randall,Texas,0
Reagan,Texas,0
Roberts,Texas,0
Rockwall,Texas,0
Runnels,Texas,0
Schleicher,Texas,0
Scurry,Texas,0
Shackelford,Texas,0
Sherman,Texas,0
Somervell,Texas,0
Stephens,Texas,0
Sterling,Texas,0
Stonewall,Texas,0
Sutton,Texas,0
Swisher,Texas,0
Taylor,Texas,0
Terry,Texas,0
Throckmorton,Texas,0
Upton,Texas,0
Uvalde,Texas,0
Wheeler,Texas,0
Winkler,Texas,0
Yoakum,Texas,0
Young,Texas,0
Zavala,Texas,0
Beaver,Utah,0.22997
Bennington,Vermont,18.542
Caledonia,Vermont,13.857
Chittenden,Vermont,3.3499
Essex,Vermont,17.914
Franklin,Vermont,8.1846
Emporia,Virginia,0
Fairfax City,Virginia,0
Franklin City,Virginia,0
Harrisonburg,Virginia,0
Lexington,Virginia,0
Manassas,Virginia,0
Manassas Park,Virginia,0
Staunton,Virginia,0
Martinsville,Virginia,0
Norton,Virginia,0
Petersburg,Virginia,0
Poquoson,Virginia,0
Brown,Wisconsin,1.0655
Buffalo,Wisconsin,4.9137
Portsmouth,Virginia,0
Chippewa,Wisconsin,20.656
Clark,Wisconsin,17.395
Columbia,Wisconsin,5.9144
Crawford,Wisconsin,4.0858
Dane,Wisconsin,3.7651
Radford,Virginia,0
Waynesboro,Virginia,0
Winchester,Virginia,0
Adams,Washington,0
Asotin,Washington,0.2683
Benton,Washington,0
Chelan,Washington,5.9616
Clallam,Washington,83.379
Clark,Washington,47.109
Columbia,Washington,0
Cowlitz,Washington,105.26
Douglas,Washington,0
Ferry,Washington,19.931
Franklin,Washington,0
Garfield,Washington,4.1625
Grant,Washington,0
Grays Harbor,Washington,166.4
Island,Washington,0.68991
Jefferson,Washington,53.713
King,Washington,45.693
Kitsap,Washington,12.212
Kittitas,Washington,4.6991
Wahkiakum,Washington,32.597
Yakima,Washington,7.2058
Barbour,West Virginia,16.771
Berkeley,West Virginia,35.512
Boone,West Virginia,14.311
Braxton,West Virginia,24.406
Washakie,Wyoming,0.015331
Weston,Wyoming,0
Adjuntas,Puerto Rico,0
Aguada,Puerto Rico,0
Aguadilla,Puerto Rico,0
Aguas Buenas,Puerto Rico,0
Aibonito,Puerto Rico,0
Anasco,Puerto Rico,0
Arecibo,Puerto Rico,0
Arroyo,Puerto Rico,0
Barceloneta,Puerto Rico,0
Barranquitas,Puerto Rico,0
Bayamon,Puerto Rico,0
Cabo Rojo,Puerto Rico,0
Caguas,Puerto Rico,0
Camuy,Puerto Rico,0
Canovanas,Puerto Rico,0
Carolina,Puerto Rico,0
Catano,Puerto Rico,0
Cayey,Puerto Rico,0
Ceiba,Puerto Rico,0
Ciales,Puerto Rico,0
Cidra,Puerto Rico,0
Coamo,Puerto Rico,0
Comerio,Puerto Rico,0
Corozal,Puerto Rico,0
Culebra,Puerto Rico,0
Brooke,West Virginia,0.74357
Cabell,West Virginia,4.975
Calhoun,West Virginia,11.292
Clay,West Virginia,12.896
Doddridge,West Virginia,10.974
Fayette,West Virginia,38.14
Gilmer,West Virginia,10.072
Grant,West Virginia,15.019
Greenbrier,West Virginia,29.035
Hampshire,West Virginia,17.407
Hancock,West Virginia,0.091988
Hardy,West Virginia,13.792
Harrison,West Virginia,9.3227
Jackson,West Virginia,7.5655
Jefferson,West Virginia,1.9088
Kanawha,West Virginia,29.625
Lewis,West Virginia,16.004
Lincoln,West Virginia,7.9664
Logan,West Virginia,4.5534
McDowell,West Virginia,10.172
Marion,West Virginia,14.417
Marshall,West Virginia,1.9778
Mason,West Virginia,5.4427
Mercer,West Virginia,17.749
Ohio,West Virginia,0.2913
Pendleton,West Virginia,19.005
Pleasants,West Virginia,2.9171
Pocahontas,West Virginia,28.31
Preston,West Virginia,35.899
Putnam,West Virginia,6.4687
Raleigh,West Virginia,26.506
Randolph,West Virginia,38.045
Ritchie,West Virginia,14.075
Roane,West Virginia,12.2
Summers,West Virginia,18.681
Taylor,West Virginia,4.3235
Barron,Wisconsin,11.145
Eau Claire,Wisconsin,8.6151
Florence,Wisconsin,22.596
Fond du Lac,Wisconsin,0.40628
Forest,Wisconsin,45.452
Grant,Wisconsin,5.4427
Rincon,Puerto Rico,0
Rio Grande,Puerto Rico,0
Sabana Grande,Puerto Rico,0
Salinas,Puerto Rico,0
San German,Puerto Rico,0
San Juan,Puerto Rico,0
San Lorenzo,Puerto Rico,0
San Sebastian,Puerto Rico,0
Santa Isabel,Puerto Rico,0
Green,Wisconsin,0.5596
Vega Alta,Puerto Rico,0
Vega Baja,Puerto Rico,0
Vieques,Puerto Rico,0
Villalba,Puerto Rico,0
Yabucoa,Puerto Rico,0
Green Lake,Wisconsin,4.3406
La Crosse,Wisconsin,2.6753
Lafayette,Wisconsin,1.9028
Langlade,Wisconsin,47.592
Lincoln,Wisconsin,35.009
Marquette,Wisconsin,2.568
Menominee,Wisconsin,29.277
Pepin,Wisconsin,16.993
Portage,Wisconsin,11.634
Price,Wisconsin,35.657
Rusk,Wisconsin,22.325
Sawyer,Wisconsin,54.026
Taylor,Wisconsin,17.879
Washburn,Wisconsin,28.616
Waukesha,Wisconsin,0.52127
Waupaca,Wisconsin,16.688
Waushara,Wisconsin,6.787
Winnebago,Wisconsin,0.52893
Wood,Wisconsin,11.516
Albany,Wyoming,1.2955
Big Horn,Wyoming,1.6711
Campbell,Wyoming,0
Carbon,Wyoming,0
Converse,Wyoming,0.015331
Crook,Wyoming,5.2127
Fremont,Wyoming,0.068991
Goshen,Wyoming,0
Hot Springs,Wyoming,0.0076657048
Johnson,Wyoming,0.038329
Laramie,Wyoming,0
Lincoln,Wyoming,0.2683
Uinta,Wyoming,1.4105
Florida,Puerto Rico,0
Guanica,Puerto Rico,0
Guayama,Puerto Rico,0
Guayanilla,Puerto Rico,0
Guaynabo,Puerto Rico,0
Gurabo,Puerto Rico,0
Hatillo,Puerto Rico,0
Hormigueros,Puerto Rico,0
Humacao,Puerto Rico,0
Isabela,Puerto Rico,0
Jayuya,Puerto Rico,0
Juana Diaz,Puerto Rico,0
Juncos,Puerto Rico,0
Lajas,Puerto Rico,0
Lares,Puerto Rico,0
Las Marias,Puerto Rico,0
Las Piedras,Puerto Rico,0
Loiza,Puerto Rico,0
Luquillo,Puerto Rico,0
Manati,Puerto Rico,0
Maricao,Puerto Rico,0
Maunabo,Puerto Rico,0
Mayaguez,Puerto Rico,0
Moca,Puerto Rico,0
Morovis,Puerto Rico,0
Naguabo,Puerto Rico,0
